"RegionName","City","State","Metro","CountyName","SizeRank","2010-02","2010-03","2010-04","2010-05","2010-06","2010-07","2010-08","2010-09","2010-10","2010-11","2010-12","2011-01","2011-02","2011-03","2011-04","2011-05","2011-06","2011-07","2011-08","2011-09","2011-10","2011-11","2011-12","2012-01","2012-02","2012-03","2012-04","2012-05","2012-06","2012-07","2012-08","2012-09","2012-10","2012-11","2012-12","2013-01","2013-02","2013-03","2013-04","2013-05","2013-06","2013-07","2013-08","2013-09","2013-10","2013-11","2013-12","2014-01","2014-02","2014-03","2014-04","2014-05","2014-06","2014-07","2014-08","2014-09","2014-10","2014-11","2014-12","2015-01","2015-02","2015-03","2015-04","2015-05","2015-06","2015-07","2015-08","2015-09","2015-10","2015-11","2015-12","2016-01","2016-02","2016-03","2016-04","2016-05","2016-06"
"Northeast Dallas","Dallas","TX","Dallas-Fort Worth","Dallas",1,,,,,,,,,,,,,,,,,,,795,715,725,699,700,699,750,800,750,700,701,695,599,700,688,795,780,695,695,695,726.5,729,782.5,800,825,895,897.5,890,895,900,885,900,900,915,985,901,945,900,945,950,950,945,985,1099,1100,1100,950,1000,1000,1085,1100,1200,1197.5,1125,1112.5,1000,1000,1000,992.5
"Paradise","Las Vegas","NV","Las Vegas","Clark",2,,,,,,,,,,,,,,,,,860,995,900,825,800,795,800,800,800,795,700,700,750,745,750,750,775,795,754,775,754,795,800,799,800,850,875,895,880,850,850,850,895,850,860,867.5,862.5,850,900,950,950,950,997.5,985,900,1000,1095,1150,1075,1100,1100,995,995,950,955,995,1100,1195,1172.5,1000,1125
"Maryvale","Phoenix","AZ","Phoenix","Maricopa",3,,,,,,,,,,,,,,,,,,650,650,600,667.5,650,625,625,625,650,650,650,625,625,625,650,649.5,650,650,675,675,775,795,775,750,725,725,744,750,737.5,788,750,750,750,725,787,750,750,775,750,725,725,737.5,750,757.5,750,750,750,750,765,788,786,765,795,765,765,787,788,788,788,788
"Upper West Side","New York","NY","New York","New York",4,,2900,3000,2950,3200,3200,3050,3400,3500,3600,3400,3500,3000,3250,3200,3200,3072.5,3200,3350,3500,3600,3495,3300,3105,3300,3095,3100,3250,3300,3285,3300,3300,3350,3350,3300,3299,3300,3300,3299,3295,3229,3200,3250,3498,3500,3600,3625,3597,3600,3650,3650,3600,3795,3697.5,3625,3677.5,3750,3675,3670,3700,3649,3665,3700,3695,3700,3750,3750,3800,3795,3792.5,3792.5,3775,3760,3782.5,3750,3750,3600
"Sherman Oaks","Los Angeles","CA","Los Angeles-Long Beach-Anaheim","Los Angeles",5,,,,,,,,,,,,,,,,,,,,,,,,,,,,,,,,,,,,,,,,,,,,,,2100,2100,2200,2250,2200,2295,2325,2400,2425,2425,2350,2299,2495,2447.5,2400,2300,2400,2495,2595,2625,2425,2372.5,2296.5,2298,2500,2597.5,2600,2547.5,2500,2498,2374.5,2600
"Upper East Side","New York","NY","New York","New York",6,,,,,,,,,,,,,,2595,2600,2600,2625,2750,2800,2800,2900,2740,2700,2600,2695,2650,2650,2695,2695,2695,2700,2700,2795,2800,2850,2800,2800,2750,2795,2700,2600,2495,2600,2800,2995,3112.5,3100,3100,3050,3015,3100,3000,3100,3095,3100,3100,3100,3100,3112.5,3150,3150,3150,3195,3152.5,3200,3200,3200,3200,3200,3200,3200,3200,3200,3200,3200,3197.5,3095
"Sunrise Manor","Las Vegas","NV","Las Vegas","Clark",7,,,,,,,,,,,,,,,,,700,669,650,650,650,650,650,627,650,650,650,685,695,695,699,650,650,695,675,700,650,700,700,700,700,700,699,675,650,650,650,695,700,700,700,700,700,697.5,700,700,740,732.5,725,747.5,750,730,700,697.5,725,749.5,745,750,750,750,750,750,750,750,725,725,750
"Spring Valley","Las Vegas","NV","Las Vegas","Clark",8,,,,,,,,,,,,812.5,825,800,795,800,800,800,795,795,775,762,750,795,795,795,795,800,775,799.5,795,799,800,845,881.5,900,850,895,875,850,850,850,850,825,800,800,800,800,800,800,800,825,825,800,800,825,825,850,850,850,850,850,850,875,880,855,875,850,850,850,850,850,850,875,875,895,947.5
"Paradise Valley","Phoenix","AZ","Phoenix","Maricopa",9,,,,,,,,1125,995,990,1000,1000,990,980,997.5,1000,1075,1000,999,1000,975,982.5,950,962.5,997,975,925,900,950,970,950,952.5,950,989,975,989,988,984,995,950,950,950,945,946.5,975,950,950,950,975,985,995,1050,1000,1000,1045,1000,1000,995,997.5,1022,1044,1062.5,1200,1195,1150,1162.5,1147.5,1150,1197,1200,1295,1250,1250,1250,1250,1112,1150
"Deer Valley","Phoenix","AZ","Phoenix","Maricopa",10,,,,,,,,,,,,,,,,,750,762.5,750,785,800,795,775,735,750,745,755.5,775,750,762.5,777.5,796,799,799,800,798,800,825,875,795,827.5,800,800,799,825,849,849,849,850,850,850,850,837.5,825,850,872.5,882.5,875,860,860,837.5,850,850,850,850,850,900,850,885,950,850,850,850,895,900,875,895
"Washington Heights","New York","NY","New York","New York",11,,,,,,,,,,,,,,1350,1425,1397.5,1385,1480,1500,1637.5,1420,1500,1500,1551.5,1541,1500,1495,1495,1550,1550,1600,1625,1595,1600,1650,1575,1650,1695,1695,1752.5,1750,1790.5,1750,1675,1772.5,1750,1750,1675,1650,1675,1697,1800,1825,1750,1797.5,1795,1750,1772.5,1795,1800,1800,1797.5,1800,1850,1895,1850,1895,1825,1850,1850,1800,1800,1837.5,1850,1772.5,1772.5,1800
"Astoria","New York","NY","New York","Queens",12,,,,,,,,,,,,,,,,,,,,,,,1700,1700,1700,1795,1775,1800,1875,1950,2050,2000,2100,2090,2100,2100,2050,2050,2095,2100,2000,2025,2100,2200,2100,2100,2100,2100,2100,2100,2100,2100,2100,2250,2250,2200,2200,2200,2150,2200,2200,2197.5,2150,2195,2200,2299.5,2250,2300,2300,2275,2275,2262.5,2300,2300,2285,2175,2300
"North Mountain","Phoenix","AZ","Phoenix","Maricopa",13,,,,,,,,,,750,775,752.5,765,795,795,795,775,795,795,775,795,700,695,745,725,675,712,695,700,750,700,712.5,730,725,750,725,732,750,735,750,699.5,695,725,745,788,795,792,788,795,800,800,850,850,850,800,812.5,825,795,795,795,795,799.5,825,850,850,850,850,850,800,875,850,850,862.5,850,875,825,850
"Far North","Dallas","TX","Dallas-Fort Worth","Dallas",14,,,,,,,,,,,,,,,,,,,,900,850,875,850,897.5,885,900,850,845,900,800,702,810,825,875,922,834,810,810,807.5,897,1000,955,935,1000,995,1049,1097,1100,1097,1097,1135,1212,1100,1175,1185,1195,1150,1135,1095,1145,1140,1140,1145,1099.5,1145,1192.5,1185,1200,1195,1150,1190,1100,1100,1162.5,1100,1190,1162.5
"Hollywood","Los Angeles","CA","Los Angeles-Long Beach-Anaheim","Los Angeles",15,,,,,,,,,,,,,,,,,,,,,,,,,,,,,,,,,,,,,,,,,,,,,,,,,,,,,,,,,3049.5,3049.5,3000,2850,2950,3099,3195,3099.5,3099,3125,3299,3299,3299,3225,3450,3300,3500,3450,3497.5,3500,3300
"Williamsburg","New York","NY","New York","Kings",16,,,,,,,,,,,,,,,,,,2799,2795,2900,3200,2722,2700,2700,2750,2750,2774.5,2800,2825,2825,2895,3100,3095,3150,3000,2950,3000,3000,3030,3100,3100,3000,3000,3073.5,3265,3200,3200,3200,3200,3237.5,3300,3300,3350,3300,3400,3400,3499.5,3399,3300,3350,3300,3350,3400,3399.5,3450,3450,3600,3500,3500,3450,3450,3500,3500,3645,3512.5,3280,3350
"Bedford Stuyvesant","New York","NY","New York","Kings",17,,,,,,,,,,,,,,,,,,,2000,1900,1900,1750,1700,1675,1600,1600,1650,1700,1750,1800,1800,1800,1750,1750,1750,1800,1800,1850,1862.5,1995,2000,2100,2250,2199,2100,2100,2075,2050,2100,2100,2100,2162.5,2200,2225,2200,2250,2300,2300,2200,2250,2287,2268.5,2300,2300,2350,2375,2499,2500,2500,2500,2400,2495,2550,2500,2300,2300,2500
"Camelback East","Phoenix","AZ","Phoenix","Maricopa",18,,,,,,,,1150,1000,1050,1050,1050,995,995,1000,950,995,912.5,992.5,995,950,925,1000,1075,995,950,875,875,899,885,895,900,900,900,900,900,925,950,925,910,935,900,850,950,995,950,1000,1000,1025,1000,1099,1100,1100,1080,1050,1075,1100,1100,1095,1095,1100,1125,1125,1100,1100,1100,1195,1190,1192.5,1100,1100,1175,1185,1150,1150,1099,1100
"Alhambra","Phoenix","AZ","Phoenix","Maricopa",19,,,,,,,,,,,,,,695,685,699.5,672.5,695,695,670,650,650,697,725,740,700,695,685,700,697,695,700,675,700,695,675,695,697,725,700,700,697,699,695,725,750,725,757.5,757.5,784,788,788,788,750,777.5,788,790,788,775,788,788,788,788,791.5,788,788,788,797,799.5,815,837.5,850,850,875,837.5,799,799
"Flatbush","New York","NY","New York","Kings",20,,,,,,,,,,,,,,,,,,,,,,,,1495,1375,1337.5,1350,1350,1400,1400,1350,1325,1350,1350,1375,1400,1400,1475,1500,1500,1550,1500,1575,1600,1500,1550,1500,1545,1600,1650,1700,1650,1800,1712.5,1750,1600,1550,1800,1712.5,1800,1850,1950,1650,1650,1650,1575,1650,1650,1550,1687.5,1725,1700,1750,1650,1650,1600,1600
"Crown Heights","New York","NY","New York","Kings",21,,,,,,,,,,,,,,,,,,,,,,1850,1795,1800,1800,1850,1850,1799.5,1832,1800,1922,1825,1800,1750,1689,1700,1700,1800,1850,2000,2100,2099,2079.5,2000,2000,2199.5,2100,2200,2200,2200,2225,2350,2400,2425,2500,2547.5,2400,2200,2225,2400,2300,2350,2400,2350,2400,2474.5,2475,2425,2450,2399,2400,2450,2497.5,2550,2450,2400,2362.5
"Harlem","New York","NY","New York","New York",22,,,,,,,,,,,,,2000,1875,1900,1925,2050,1950,2200,2125,2097.5,1812.5,1697.5,1695,1850,1875,1799,1800,1895,1962.5,1895,1900,1995,1895,1800,1795,1800,1799,1895,1900,1900,1800,1800,1950,2100,2300,2300,2300,2300,2300,2450,2297.5,2225,2100,2200,2100,2100,2100,2200,2237.5,2100,2200,2250,2250,2295,2250,2225,2250,2250,2250,2295,2250,2200,2100,2100,2100,2200
"East Harlem","New York","NY","New York","New York",23,,,,,,,,,,,,,,,,,,,2700,2500,2395,2395,2400,2500,2500,2350,2495,2450,2350,2495,2400,2400,2450,2395,2600,2595,2695,2632.5,2550,2495,2400,2395,2500,2550,2765,2850,2725,2725,2750,2750,2725,2850,2850,2900,2920,2972.5,2900,2900,2900,2900,2900,2900,2900,2900,2900,2900,2875,2900,2900,2900,2900,2900,2900,2950,2900,2900,2900
"Bushwick","New York","NY","New York","Kings",24,,,,,,,,,,,,,,,,,,,,,,,,1700,1650,1600,1600,1670,1800,1800,1850,1800,1800,1800,1850,1700,1899,2000,2299,2399,2300,2200,2300,2300,2347,2150,2250,2325,2300,2250,2200,2250,2250,2383.5,2400,2550,2450,2450,2400,2500,2467.5,2395,2450,2500,2599,2600,2650,2625,2610,2597.5,2500,2699,2587,2700,2450,2350,2500
"Enterprise","Las Vegas","NV","Las Vegas","Clark",25,,,,,,,,,,,,,,,,,,,,,,,,,,,,,,,,,,,,,,,1150,1100,1099.5,1150,1100,1100,1000,1000,995,1000,1000,1000,1000,1050,1100,1100,1100,1100,1150,1198,1200,1125,1100,1050,1125,1050,1100,1100,1095,1100,1100,1100,1095,1100,1100,1100,1100,1100,1075
"Lower East Side","New York","NY","New York","New York",26,,,,,,,,,,,,,,,,,,,,,,2800,2695,2600,2750,2700,2625,2762.5,2837.5,2800,2850,2800,2825,2995,3000,3000,3100,3100,3025,3025,3000,3095,3125,3100,2700,2995,2947.5,3000,2995,2997.5,3100,2997.5,3000,3050,2997.5,3200,3200,3300,3300,3300,3200,3175,3000,2900,3200,3197.5,3200,3050,2825,2750,2900,3100,2997.5,2997.5,2900,2847.5,2950
"Logan Square","Chicago","IL","Chicago","Cook",27,,,,,,,,,,,,,,,,,1400,1500,1500,1500,1500,1400,1450,1500,1550,1600,1525,1550,1600,1500,1595,1650,1447.5,1350,1300,1250,1350,1450,1395,1350,1300,1250,1200,1250,1400,1400,1337.5,1350,1495,1495,1675,1695,1750,1750,1697.5,1675,1600,1495,1400,1400,1495,1570,1600,1595,1700,1650,1650,1597.5,1512.5,1500,1600,1688,1700,1650,1600,1625,1700
"South Scottsdale","Scottsdale","AZ","Phoenix","Maricopa",28,,,,,,,,,,,,,,,,,,,,,,,,,,,,,,,,,,,,,,,,,,,,,,,,,,,,,,,,,,,,,,,1800,1750,1772.5,1750,1800,1795,1800,1980,1999,1900,1895,1950,1900,1675,1575
"Flushing","New York","NY","New York","Queens",29,,,,,,,,,,,,,,,,,,,,,,,,,,,,,,,1425,1500,1500,1500,1575,1550,1587.5,1550,1645,1600,1600,1650,1625,1650,1800,1800,1875,2100,2200,2200,2100,2100,2100,2100,2150,2100,2000,2175,2250,2100,2150,2100,2200,2150,2100,2200,2400,2425,2450,2400,2400,2300,2400,2300,2200,2200,2200
"Ahwatukee Foothills","Phoenix","AZ","Phoenix","Maricopa",30,,,,,,,,,,,,,,,,,999.5,997,1024.5,895,1000,1000,895,895,850,882.5,899,925,912.5,899.5,897,985,937,1050,962.5,904.5,900,950,1075,972.5,977.5,995,925,1027,1050,997.5,1150,1089.5,1079,1087,1100,1107.5,1150,1027,975,1079,1115,1074.5,1100,1150,1180,1200,1199.5,1180,1079,1100,1195,1180,1180,1107.5,1177.5,1180,1150,1150,1095,1107.5,1097
"Forest Hills","New York","NY","New York","Queens",31,,,,,,,,,,,,,1450,1400,1400,1400,1472.5,1500,1550,1675,1675,1450,1500,1650,1600,1525,1685,1700,1700,1700,1675,1662.5,1700,1650,1725,1750,1700,1650,1660,1800,1800,1875,1900,1925,1800,1850,1850,1800,1800,1750,1750,1737.5,1725,1825,1850,1800,1800,1800,1800,1800,1850,1800,1800,1800,1800,1850,1895,1950,1895,1900,1900,1900,1850,1850,1897.5,1900,1950
"East Village","New York","NY","New York","New York",32,,,,,,,,,,,,,,2697.5,2600,2595,2600,2825,2995,2919.5,2995,2897,2995,3000,2999,2900,2850,2950,3150,3100,3100,3150,3200,3150,3000,3000,3100,3050,3050,3192.5,3125,3095,3200,3300,3350,3400,3400,3400,3400,3400,3400,3395,3350,3400,3450,3400,3400,3400,3395,3422.5,3400,3400,3400,3400,3400,3400,3450,3450,3450,3450,3400,3400,3400,3400,3400,3400,3400
"Mira Mesa","San Diego","CA","San Diego","San Diego",33,,,,,,,,,,,,,,,,,,,,,,,,,1425,1400,1400,1475,1499.5,1495,1475,1495,1437,1500,1500,1475,1500,1500,1500,1540,1495,1450,1500,1612.5,1575,1550,1500,1600,1562.5,1512.5,1550,1514.5,1562.5,1595,1600,1650,1675,1550,1495,1600,1597.5,1562.5,1562.5,1650,1650,1697.5,1695,1650,1695,1700,1662.5,1650,1747.5,1695,1700,1650,1772.5
"West Rogers Park","Chicago","IL","Chicago","Cook",34,,,,,,,,,,,,,,,,,,1150,1100,1150,1150,1235,1175,1150,1150,1100,1100,1100,1100,1150,1122.5,1100,1062.5,1075,1050,1095,1150,1199,1200,1195,1199,1175,1175,1100,1175,1125,1135,1199.5,1295,1250,1250,1250,1200,1225,1225,1200,1199,1197,1150,1200,1200,1200,1225,1250,1300,1300,1295,1250,1250,1300,1250,1250,1250,1250,1237.5,1275,1250
"Cordova-Appling","Memphis","TN","Memphis","Shelby",35,,,,,,,,,,,,,,,,,,,,,,,,,,,,,,,,,,,1150,1095,1095,1100,1195,1150,1150,1095,1072.5,1050,1112.5,1095,1185,1150,1150,1150,1150,1125,1125,1150,1100,1112.5,1150,1147.5,1185,1175,1150,1175,1195,1185,1197.5,1195,1175,1157.5,1150,1195,1175,1185,1195,1200,1197.5,1200,1195
"Princess Anne","Virginia Beach","VA","Virginia Beach","Virginia Beach City",36,,,,,,,,,,,,,,,,,,,,,,,,,,,,,,,1400,1300,1362.5,1397.5,1395,1395,1400,1397.5,1450,1395,1395,1400,1400,1375,1300,1337.5,1375,1395,1395,1395,1375,1362.5,1362.5,1385,1350,1350,1350,1300,1395,1375,1400,1397,1362.5,1395,1450,1397.5,1375,1375,1350,1350,1375,1395,1395,1362.5,1375,1400,1395
"Jackson Heights","New York","NY","New York","Queens",37,,,,,,,,,,,,,,,,,,,,,,,,,,,,,,,,,,,,,,,,,,,,,,,,,,,,,,,,,,,,,,,1650,1695,1695,1850,1850,1850,1850,1900,1900,1850,1819.5,1795,1772.5,1819,1750
"Park Slope","New York","NY","New York","Kings",38,,,,,,,,,,,,,,,,,,,2775,3000,2900,2600,2500,2450,2500,2500,2550,2700,2700,2700,2800,2800,2850,2800,2745,2600,2600,2600,2750,2800,2600,2595,2600,2613,2800,2800,2800,2900,2897.5,2800,2872.5,3000,3050,2950,3000,3000,3000,2975,2900,2900,2900,3000,2995,3200,3200,3200,3200,3000,3100,3200,3200,3200,3000,2875,2800,2887.5,2900
"Albany Park","Chicago","IL","Chicago","Cook",39,,,,,,,,,,,,,,,,,,,,,,,,,,,,,,,,,,,,,,1300,1200,1200,1200,1197.5,1200,1225,1300,1300,1250,1270,1300,1350,1300,1250,1295,1300,1299,1299,1300,1295,1295,1250,1250,1300,1350,1350,1300,1300,1300,1300,1300,1300,1297.5,1350,1300,1350,1300,1350,1300
"Westwood","Los Angeles","CA","Los Angeles-Long Beach-Anaheim","Los Angeles",40,,,,,,,,,,,,,,,,,,,,,,,,,,,,,,,,,,,,,,,,,,,,3500,3750,3950,3950,3972.5,4100,3997.5,3925,3750,3795,3700,3800,4100,4050,4475,4450,4200,4500,4500,3995,4050,4366.5,4345,4366.5,4260,4250,4000,3999.5,4100,3945,3900,3597.5,3750,3881
"Gramercy","New York","NY","New York","New York",41,,,,,,,,,,,3197.5,3075,2750,2700,2800,2800,2850,2995,3100,2940,2900,2950,2900,2900,2950,3000,3000,3095,3100,3200,3200,3200,3200,3200,3200,3175,3195,3200,3200,3318,3295,3290,3250,3200,3200,3250,3300,3395,3395,3332,3295,3250,3200,3250,3275,3300,3395,3314,3350,3350,3395,3395,3395,3397.5,3350,3300,3350,3495,3400,3395,3400,3400,3400,3395,3397.5,3372.5,3350
"Rogers Park","Chicago","IL","Chicago","Cook",42,,,,,,,,,,,,,,,,,,,,,,,,,,,,,,,,,,,,,,,,,,,,,,1262.5,1250,1250,1250,1250,1262.5,1300,1312.5,1350,1300,1297.5,1275,1250,1295,1300,1300,1275,1275,1275,1300,1350,1350,1300,1300,1250,1300,1331,1300,1350,1350,1350,1325
"The Heights","Jersey City","NJ","New York","Hudson",43,,,,,,,,,,,,,,,,,,,,,,,,,,,,,,,,,,,,,,,,,,,,,,,,1500,1500,1500,1450,1425,1450,1487.5,1450,1450,1475,1400,1400,1395,1550,1595,1625,1500,1550,1550,1550,1500,1550,1500,1525,1500,1637.5,1687.5,1800,1685,1597.5
"Kempsville","Virginia Beach","VA","Virginia Beach","Virginia Beach City",44,,,,,,,1200,1197.5,1200,1200,1200,1195,1200,1195,1200,1200,1200,1200,1150,1150,1150,1150,1150,1125,1100,1100,1150,1197.5,1197.5,1199,1150,1150,1195,1175,1200,1162.5,1195,1197.5,1250,1225,1200,1200,1200,1200,1200,1200,1200,1200,1200,1200,1200,1250,1250,1250,1200,1200,1200,1200,1225,1225,1200,1200,1250,1250,1250,1250,1250,1250,1250,1200,1200,1200,1200,1200,1250,1200,1200
"Little Havana","Miami","FL","Miami-Fort Lauderdale","Miami-Dade",45,,,,,,,,,,,,1200,1300,1300,1250,1250,1272.5,1325,1300,1300,1300,1380,1350,1350,1350,1400,1370,1350,1350,1350,1350,1387.5,1350,1249.5,1250,1250,1275,1250,1300,1400,1300,1450,1450,1417.5,1400,1400,1400,1400,1400,1400,1395,1350,1350,1337.5,1400,1400,1400,1400,1400,1417.5,1500,1400,1300,1500,1492.5,1680,1650,1600,1500,1495,1557.5,1650,1550,1575,1425,1500,1500
"Roxbury","Boston","MA","Boston","Suffolk",46,,,,,,,,,,,,,,,,,,,,,,,,,,,,,,,,,,,1900,2000,1900,1895,1800,1885.5,1900,1997.5,1915,1876,1850,1900,1850,1900,2200,2200,2150,2100,2125,2100,2125,2200,2150,2100,2100,2050,2000,2100,2100,2200,2200,2300,2200,2100,2100,1900,2100,2100,2175,2250,2200,2175,2175
"Flagami","Miami","FL","Miami-Fort Lauderdale","Miami-Dade",47,,,,,,,,,,,,,1100,1200,1200,1150,1175,1100,1200,1200,1225,1250,1250,1250,1200,1200,1200,1200,1200,1200,1250,1250,1200,1250,1300,1250,1300,1290,1300,1250,1300,1300,1300,1325,1292.5,1292.5,1300,1297.5,1300,1297.5,1300,1350,1300,1300,1300,1350,1400,1350,1300,1400,1450,1390,1325,1350,1450,1325,1425,1300,1312.5,1300,1374.5,1400,1470,1500,1575,1500,1600
"Summerlin North","Las Vegas","NV","Las Vegas","Clark",48,,,,,,,,,,,,,,,,,,,1045,1045,1062.5,997,925,925,900,900,950,995,995,1050,1025,1072.5,950,975,1022.5,962.5,995,1095,1095,1100,1050,1150,1180,1074.5,1000,1037.5,1012.5,1037.5,1050,1050,1025,1100,1100,1075,1112.5,1150,1150,1012.5,1109.5,1150,1150,1099,1100,1100,1237.5,1150,1099,1150,1147.5,1150,1195,1150,1150,1150,1250,1225,1287.5
"Hamilton Heights","New York","NY","New York","New York",49,,,,,,,,,,,,,,,,,,,,,,,,,,,,,,,2200,2000,2100,1984.5,2095,2000,2100,2000,2150,2250,2250,2100,2400,2397.5,2400,2400,2400,2400,2450,2400,2400,2400,2400,2475,2500,2475,2475,2487.5,2475,2462.5,2475,2487.5,2600,2550,2550,2487.5,2575,2575,2575,2475,2487.5,2575,2672.5,2672.5,2695,2650,2487.5
"Woodlake - Briarmeadow","Houston","TX","Houston","Harris",50,,,,,,,,,,,,,,,,,,,,,,,,,,,,,,,,,,,,,,,,,,,1170,1170,969.5,962,1015,1075,990,990,1050,1100,1050,1000,1082.5,1115,1075,1115,1107.5,1100,1050,1050,1200,1250,1250,1225,1200,1200,1237.5,1200,1212.5,1250,1250,1200,1200,1195,1150
"University City","San Diego","CA","San Diego","San Diego",51,,,,,,,,,,,,,1700,1700,1667.5,1695,1700,1750,1750,1700,1750,1795,1710,1650,1650,1650,1695,1747.5,1795,1800,1825,1750,1750,1750,1875,1795,1850,1887.5,1800,1785,1897.5,1900,1895,1925,1895,1850,1795,1800,1895,1895,1895,1900,1900,1900,1900,1962.5,2000,1950,1900,1897.5,1869,1897.5,1985,1895,1925,2000,1995,1995,1900,1900,1980,2022.5,1995,1950,1875,1900,2100
"Chelsea","New York","NY","New York","New York",52,,,,,,,,,,,,,,3200,3275,3250,3200,3195,3100,3150,3200,3200,3100,3150,3350,3350,3400,3410.5,3400,3300,3300,3400,3395,3400,3400,3300,3389,3395,3495,3500,3495,3495,3595,3600,3600,3700,3650,3625,3650,3700,3750,3700,3995,3800,3855,3800,3750,3700,3750,3900,3850,3860,3950,3825,3800,3900,3800,3800,3750,3850,3825,3900,3900,3800,3700,3600,3600
"Lake View","Chicago","IL","Chicago","Cook",53,,,,,,,,,,,,,,,,,,,,,,,,,,,,,,,,,,,,,,,,,,,,,,1995,2000,2050,2050,2100,2100,2100,2200,2200,2200,2200,2200,2200,2125,2100,2150,2100,2100,2250,2300,2150,2112.5,2050,2095,2100,2000,2195,2150,2200,2150,2000,2000
"Oak Lawn","Dallas","TX","Dallas-Fort Worth","Dallas",54,,,,,,,,,,,,,,,,,,,1700,1875,1795,1750,1770,1600,1695,1675,1690,1700,1700,1692.5,1740,1700,1619.5,1599,1540,1550,1731.5,1719,1605,1650,1682,1695,1620,1618,1620,1640,1618,1500,1550,1550,1550,1609,1550,1700,1695,1536.5,1540,1595,1572.5,1618,1650,1675,1599.5,1650,1650,1850,1800,1695,1736.5,1750,1736.5,1700,1634,1700,1650,1700,1550
"Greater Uptown","Houston","TX","Houston","Harris",55,,,,,,,,,,,,,,,,,,,,,,,,,,,,,,,,,,,,,1875,1700,1500,1517,1535,1462,1489,1481,1600,1600,1699.5,1665,1670,1670,1650,1526.5,1775,1734.5,1695,1501.5,1600,1650,1600,1600,1625,1550,1575,1600,1550,1595,1526.5,1600,1585,1500,1600,1600,1600,1600,1600,1650,1600
"Sunnyside","New York","NY","New York","Queens",56,,,,,,,,,,,,,,,,,,,,,,1700,1675,1650,1595,1650,1562.5,1625,1650,1650,1675,1675,1675,1650,1600,1600,1625,1650,1650,1650,1650,1750,1700,1709.5,1725,1750,1750,1750,1775,1800,1800,1800,1750,1800,1800,1750,1800,1800,1750,1775,1800,1800,1850,1850,1850,1850,1850,1800,1825,2000,2095,2070,2099,2049.5,2000,1825,1862
"Memorial","Houston","TX","Houston","Harris",57,,,,,,,,,,,,,,,,,,,,,,,,,,,,,,,,,,,,,,,,,,,,,,,,,,,,,,,,,,,,,,,1770,1750,1750,1800,1700,1625,1595,1600,1500,1650,1650,1850,1850,1720,1650
"Greenwich Village","New York","NY","New York","New York",58,,,,,,,,,,,,3300,2995,2925,3000,3017.5,3100,2900,3100,3175,3225,3162.5,3000,3095,3000,3000,3000,3100,3000,3200,3172.5,3195,3270,3300,3400,3400,3295,3295,3300,3395,3300,3241,3350,3250,3350,3400,3400,3400,3400,3450,3400,3575,3575,3400,3400,3400,3492.5,3400,3572.5,3724.5,3595,3500,3500,3500,3500,3662.5,3500,3595,3500,3500,3500,3695,3695,3685,3500,3500,3492.5
"Rancho Bernardo","San Diego","CA","San Diego","San Diego",59,,,,,,,,,,,,,1575,1595,1595,1572.5,1497.5,1585,1599,1550,1500,1595,1585,1572.5,1550,1572.5,1600,1595,1650,1500,1600,1675,1695,1575,1662.5,1650,1695,1695,1600,1600,1600,1695,1700,1800,1745,1785,1750,1675,1675,1695,1675,1650,1695,1695,1800,1800,1750,1695,1662.5,1775,1897.5,1700,1750,1795,1800,1897.5,1872.5,1950,1925,1900,1750,1900,1895,1950,1750,1825,1875
"Alameda - West Flagler","Miami","FL","Miami-Fort Lauderdale","Miami-Dade",60,,,,,,,,,,,,,1375,1400,1300,1300,1350,1325,1200,1350,1350,1337.5,1350,1399,1350,1365,1400,1350,1375,1375,1500,1550,1500,1600,1545,1550,1600,1550,1550,1600,1550,1550,1550,1550,1550,1500,1500,1500,1575,1550,1550,1500,1500,1550,1550,1650,1650,1650,1575,1500,1500,1485,1500,1672.5,1725,1600,1600,1600,1600,1750,1790,1675,1650,1650,1600,1662.5,1700
"Salem","Virginia Beach","VA","Virginia Beach","Virginia Beach City",61,,,,,,,,,,,,,,,,,,,,,,,,,,,,,,,,1162.5,1100,1100,1100,1100,1095,1100,1100,1150,1162.5,1150,1125,1150,1150,1100,1100,1100,1100,1100,1144.5,1150,1145,1150,1150,1150,1150,1150,1190,1150,1100,1100,1150,1175,1185,1200,1195,1185,1182.5,1192.5,1195,1195,1197.5,1200,1162.5,1200,1250
"Carmel Valley","San Diego","CA","San Diego","San Diego",62,,,,,,,,,,,,2100,2097.5,2150,2200,2199.5,2100,2172.5,2147.5,2100,2200,2129,2100,2100,2100,2060,2224.5,2250,2300,2200,2300,2350,2300,2225,2295,2365,2350,2200,2150,2125,2295,2300,2300,2300,2199.5,2297.5,2200,2200,2200,2300,2295,2295,2400,2200,2200,2200,2300,2400,2400,2300,2300,2297.5,2300,2397,2400,2447.5,2400,2350,2350,2495,2400,2325,2350,2400,2500,2400,2600
"Rego Park","New York","NY","New York","Queens",63,,,,,,,,,,,,,,,,,,,,,,1650,1700,1700,1650,1600,1500,1525,1550,1550,1525,1597.5,1650,1700,1700,1691.5,1725,1625,1650,1750,1750,1725,1800,1800,1750,1600,1600,1600,1637.5,1612.5,1600,1725,1737.5,1700,1662.5,1675,1800,1775,1675,1700,1675,1675,1680,1797.5,1850,1800,1950,2100,2100,2100,2100,1950,1962.5,1990,1925,2050,1887
"Morningside Heights","New York","NY","New York","New York",64,,,,,,,,,,,,,,,,,,,,,,,,2600,2400,2395,2350,2500,2500,2495,2500,2610,2630,2630,2600,2595,2500,2595,2600,2695.5,2696,2600,2700,2912.5,3085,3200,3200,3200,3200,3200,3200,3200,3100,3147.5,3092.5,2912.5,2875,2950,3085,2975,2950,2950,3150,3200,3200,3200,3200,3250,3200,3200,3200,3200,3092.5,3150,3100,3200,3200
"East Boston","Boston","MA","Boston","Suffolk",65,,,,,,,,,,,,,,,,,,,,,,,,,,,,,,,,,,,,,,,,,,,,,,,,,,,,,,,,,,1900,2150,2000,1950,1975,2050,2125,2200,2200,1950,1950,1950,2100,2200,2100,2200,2275,2200,2300,2200
"Coral Way","Miami","FL","Miami-Fort Lauderdale","Miami-Dade",66,,,,,,,,1787.5,1712.5,1600,1600,1512.5,1550,1500,1560,1600,1572.5,1600,1600,1650,1650,1695,1700,1700,1680,1700,1650,1600,1600,1700,1750,1700,1700,1700,1700,1650,1700,1700,1700,1700,1700,1800,1899,1850,1875,1850,1850,1850,1850,1850,1800,1750,1750,1850,1850,1900,1850,1800,1775,1800,1850,1850,1850,1899.5,1900,1900,1950,1950,1933,1950,1950,1900,1900,1900,1950,1950,1800
"Parkchester","New York","NY","New York","Bronx",67,,,,,,,,,,,,,,,,,,,,,,,,,,,,1287.5,1200,1100,1185,1100,1100,1100,1200,1200,1175,1149.5,1100,1100,1100,1100,1100,1100,1100,1149,1150,1142,1200,1152.5,1135,1165,1245,1265,1252.5,1242.5,1225,1200,1200,1215,1250,1252.5,1300,1300,1300,1295,1300,1300,1316,1338,1350,1340,1305,1375,1387.5,1300,1345
"Desert View","Phoenix","AZ","Phoenix","Maricopa",68,,,,,,,,,,,,,,,1250,1300,1200,1275,1200,1387.5,1350,1497.5,1475,1550,1332.5,1325,1425,1395,1495,1450,1290,1195,1272.5,1372.5,1347.5,1345,1400,1500,1425,1400,1298,1347.5,1290,1300,1374.5,1350,1350,1350,1390,1390,1450,1450,1392.5,1350,1350,1397.5,1347.5,1400,1450,1450,1550,1445,1447.5,1450,1450,1350,1450,1450,1500,1575,1575,1497.5,1562.5,1500,1624.5,1700,1450
"South Shore","Chicago","IL","Chicago","Cook",69,,,,,,,,,,,,,,,,,,,,,,,,1075,950,850,912,927,950,950,950,900,900,900,900,895,900,900,950,890,895,800,799,795,900,900,900,900,900,900,900,900,895,947.5,990,950,972.5,1000,997.5,1000,1000,1000,1012.5,1000,950,950,945,975,997.5,995,995,950,997.5,1047.5,1050,950,1025
"Jamaica Plain","Boston","MA","Boston","Suffolk",70,,,,,,,,,,,,,,,,,,,,,,,,,,,,,,,,,2200,2400,2100,2300,2400,2400,2400,2400,2300,2500,2300,2300,2300,2300,2300,2375,2500,2500,2400,2450,2500,2400,2300,2300,2400,2300,2300,2500,2500,2500,2500,2500,2495,2475,2400,2300,2300,2300,2350,2500,2600,2500,2650,2500,2500
"Brighton","Boston","MA","Boston","Suffolk",71,,,,,,,,,,,,,,,,,1650,1650,1700,1950,1800,1900,1797.5,1672.5,1850,1850,1850,1800,1800,1800,1775,1850,1864.5,2000,1950,1949,1900,1925,2000,1995,2000,2000,1995,1995,2000,1995,1950,1950,1950,1900,1950,2050,2000,2000,1990,1950,1900,1950,1950,1975,2002.5,2000,1995,2000,2000,2000,1995,1995,1995,2000,2000,2000,2000,2037.5,2050,2100,2100
"Bayside","Virginia Beach","VA","Virginia Beach","Virginia Beach City",72,,,,,,,,,,,,1225,1200,1272.5,1250,1300,1300,1300,1250,1275,1250,1200,1195,1195,1200,1212.5,1195,1295,1322.5,1295,1250,1250,1250,1275,1250,1250,1250,1250,1297.5,1272.5,1297.5,1295,1285,1295,1295,1250,1250,1200,1247.5,1250,1250,1250,1250,1275,1262.5,1295,1275,1275,1277.5,1295,1250,1225,1250,1300,1295,1250,1250,1295,1275,1250,1250,1250,1250,1275,1295,1349,1350
"Humboldt Park","Chicago","IL","Chicago","Cook",73,,,,,,,,,,,,,,,,,,,,,,,,,,,,,,,,,,,,,,,,,,,,,,,,,,,,,,,,,,,,,,,1750,1572.5,1572.5,1697.5,1800,1600,1700,1750,1650,1650,1650,1900,2000,2024.5,1912.5
"Lake View East","Chicago","IL","Chicago","Cook",74,,,,,,,,,,,,,,,,,,,,,,,,,1547.5,1500,1525,1450,1400,1450,1345,1500,1597.5,1600,1350,1450,1475,1295,1275,1250,1250,1275,1300,1295,1500,1415,1400,1400,1500,1500,1525,1650,1725,1650,1595,1600,1610,1650,1625,1500,1550,1550,1600,1625,1620,1697.5,1650,1610,1600,1600,1600,1600,1550,1550,1550,1600,1600
"South Loop","Chicago","IL","Chicago","Cook",75,,,,,,,,,1725,1850,2000,1900,1800,1800,1880,1825,1899,1900,1859.5,1834,1892.5,1950,1950,1950,1950,1979,1995,2000,2000,2000,2060,2075,1986.5,1950,1995,2000,2000,2000,2000,2035,2025,2039,2096,2000,1967,1994.5,1975,1992.5,2050,2032.5,2095,2150,2137,2050,2050,2050,2008,2008,2100,2118.5,2150,2100,2100,2100,2150,2100,2100,2100,2008,2000,2047.5,2100,2100,2134,2100,2047.5,2100
"South Boston","Boston","MA","Boston","Suffolk",76,,,,,,,,,,,,,,,2400,2375,2400,2400,2400,2400,2400,2400,2400,2500,2450,2450,2500,2600,2600,2700,2686.5,2600,2600,2700,2600,2600,2700,2750,2800,2900,2800,2900,2700,2611.5,2500,2500,2500,2450,2500,2500,2600,2795,2800,2800,2772.5,2772.5,2700,2700,2600,2600,2700,2700,2675,2800,2800,2900,2800,2800,2850,2850,2800,2800,2800,2804.5,2900,2925,2950
"Fort Greene","New York","NY","New York","Kings",77,,,,,,,,,,,,,,,,,,,,,,,2445.5,2450,2380,2390,2318,2295,2295,2455,2452,2450,2495,2500,2625,2650,2632.5,2675,2600,2800,2700,2595,2795,2675,2662.5,2850,2965,2800,2687.5,2800,2800,2725,2850,2965,3100,2875,2700,2700,2775,2982.5,3000,3000,3000,2970,2957.5,3106.5,3300,2965,2800,2800,2950,3166,3184.5,3150,3302.5,2900,3000
"Venice","Los Angeles","CA","Los Angeles-Long Beach-Anaheim","Los Angeles",78,,,,,,,,,,,,,3995,3997.5,4375,4600,4347.5,4000,4250,4000,4275,4300,3972.5,3995,3995,4150,4175,4275,4375,4200,4300,4250,4395,4150,3997.5,4100,4272.5,4300,4450,4200,4500,4500,4375,4500,4800,4722.5,4875,4875,4595,4547.5,4672.5,4850,4675,4800,4950,5000,5000,4950,4950,4950,4950,5047.5,5200,4500,4850,4972.5,5495,5795,5395,5995,5295,5500,5475,5370,5850,5850,5000
"Greenpoint","New York","NY","New York","Kings",79,,,,,,,,,,,,,,,,,,,,,,,,,,,,,,,,,,,,,,,,,,,,,,,,2800,2625,2600,2772.5,2887.5,2800,3000,3400,3000,3150,3150,3200,3000,2870,2890,3000,3250,3200,3100,3400,3500,3500,3425,3287.5,3200,3000,2800,2800,3099.5,3000
"Sawtelle","Los Angeles","CA","Los Angeles-Long Beach-Anaheim","Los Angeles",80,,,,,,,,,,,,,,,,,,,,,,,,,,,,,,,,,,,,,,,,,,,,,,,,,,,,,,,,,,,,,,,,3322.5,2950,3450,3375,3400,3595,3447.5,3600,3492.5,2900,3240,3280,3770,3637.5
"Makiki-Lower Punchbowl-Tantalus","Honolulu","HI","Urban Honolulu","Honolulu",81,,,,,,,,,,,,,,,,,,,,,,,,,,,,,,,,,,,,,,,,,,,,,,,,,,,,,,,,,,,,,,,,,1925,1800,1750,1695,1750,1750,1650,1787.5,1800,1700,1800,1700,1750
"Downtown","Los Angeles","CA","Los Angeles-Long Beach-Anaheim","Los Angeles",82,,,,,,,,,,,,2200,2050,2050,2272.5,2297.5,2300,2300,2295,2262.5,2100,2275,2287.5,2300,2372.5,2349,2300,2300,2347.5,2497.5,2300,2114,2291.5,2251,2311,2229.5,2251,2354,2441,2500,2525,2500,2397.5,2500,2450,2300,2300,2533,2495,2400,2400,2600,2495,2700,2625,2750,2600,2600,2600,2750,2644,2600,2589,2550,2600,2675,2750,2800,2895,2850,2800,2850,2962.5,2850,2725,2650,2699.5
"Brentwood","Los Angeles","CA","Los Angeles-Long Beach-Anaheim","Los Angeles",83,,,,,,,,,,,,,,,,,,,,,,,,,,,,,,,,,,,,3497.5,3800,3650,3000,3325,3375,2995,3237.5,3472.5,3775,3700,3875,3850,4000,3950,4075,4075,4125,4150,4450,4247.5,3850,3947.5,4150,4200,3800,3999,4200,3950,3950,4000,4300,4350,4500,4399.5,4449.5,4447.5,4050,3995,4450,3925,4200
"Bronzeville","Chicago","IL","Chicago","Cook",84,,,,,,,,,,,,,,,,,,1575,1500,1400,1372.5,1387,1400,1500,1470,1400,1400,1395,1375,1495,1399.5,1400,1335,1300,1350,1350,1425,1425,1425,1400,1325,1300,1325,1400,1525,1500,1500,1485,1475,1425,1400,1425,1450,1500,1500,1450,1500,1500,1500,1500,1500,1500,1585,1500,1500,1532.5,1465,1450,1400,1500,1475,1500,1500,1500,1500,1450,1500
"Capitol Hill","Seattle","WA","Seattle","King",85,,,,,,,,,,,,,,,,,,,,,,,,,,,,,,,,,,,,,,,,,,,,,,,,,,,,,,,1850,1800,1795,1795,1795,1850,1725,1795,1895,1850,1849,1799.5,1950,1875,1950,1917.5,1825,1800,1800,1800,1800,2025,2000
"M Streets","Dallas","TX","Dallas-Fort Worth","Dallas",86,,,,,,,,,,,,,,,,1049.5,1055,1077,1020,995,1000,1000,1100,1087,1072.5,1024.5,1200,1195,1207,1100,997.5,1089.5,1157.5,1149,1150,1146,1154,1200,1256,1399.5,1395,1377.5,1303,1248,1300,1399,1300,1357,1250,1187.5,1187.5,1343,1297.5,1375,1400,1304,1200,1387,1395,1330,1400,1450,1400,1399,1599,1650,1600,1450,1450,1450,1450,1399.5,1495,1472.5,1450,1475,1549.5
"Fort Hamilton","New York","NY","New York","Kings",87,,,,,,,,,,,,,,,,,,,,,,1350,1297.5,1295,1295,1325,1450,1500,1475,1450,1435,1450,1500,1450,1365,1400,1450,1450,1595,1600,1600,1600,1600,1575,1600,1600,1645,1600,1600,1600,1670,1700,1725,1825,1975,2000,1800,1800,1775,1924,1800,1737.5,1662.5,1700,1900,1950,2000,2100,2200,2000,2099.5,1950,1750,1750,1800,1800,1975
"South End","Boston","MA","Boston","Suffolk",88,,,,,,,,,,,,,,,2400,2325,2425,2500,2525,2500,2600,2600,2500,2800,2750,2750,2600,2650,2800,2850,2800,2950,2900,2872.5,2800,2900,2850,2875,2800,2700,2800,2800,2800,2800,2900,2912.5,2900,2875,2800,2775,2800,2900,2900,2900,2900,2900,2800,2750,2825,2900,2950,3000,2992.5,3000,2962,2974,3000,2900,2900,2975,3000,3000,3125,2995,3000,2900,3200
"Downtown","Jersey City","NJ","New York","Hudson",89,,,,,,,,,,,,,,,,,,2200,2205,2250,2400,2200,2300,2100,2100,2247.5,2300,2375,2375,2400,2340,2200,2400,2372.5,2300,2300,2305,2350,2342.5,2350,2400,2300,2350,2300,2400,2400,2350,2300,2300,2300,2300,2400,2350,2450,2400,2400,2400,2375,2400,2650,2600,2600,2587.5,2600,2767.5,2750,2650,2700,2700,2662.5,2500,2600,2500,2500,2600,2640,2500
"Clinton","New York","NY","New York","New York",90,,,,,,,,,,,,,,2725,2700,2800,2850,2900,2900,2979.5,3050,3100,3150,3190,3200,3095,3200,3200,3130,3148,3250,3285,3300,3282.5,3225,3200,3200,3200,3200,3250,3200,3000,2995,3195,3467.5,3400,3400,3400,3395,3395,3395,3295,3290,3220,3295,3350,3395,3270,3214,3265,3325,3300,3399.5,3325,3350,3295,3295,3250,3300,3300,3397,3300,3295,3300,3295,3250,3208
"Neartown - Montrose","Houston","TX","Houston","Harris",91,,,,,,,,,,,,,,,,,,,,,,,,,,,,,,,,,,,,,,,,,,,,,,,,,,,,,,,,,,,,,,,,1812.5,1800,1800,1850,1877,1863.5,1950,1975,1877,1863.5,1800,1800,1672.5,1775
"Roxborough","Philadelphia","PA","Philadelphia","Philadelphia",92,,,,,,,,,,,,,,,,,,,,,,,,,,,1500,1500,1500,1500,1500,1425,1425,1400,1450,1400,1450,1495,1450,1600,1600,1525,1500,1450,1500,1500,1550,1537.5,1500,1500,1525,1650,1600,1600,1500,1500,1500,1500,1500,1550,1575,1600,1650,1670,1650,1650,1600,1600,1495,1499,1500,1500,1525,1600,1600,1600,1650
"Alexandria West","Alexandria","VA","Washington","Alexandria City",93,,,,,,,,,,,,,,,,,,,,,,,,1425,1425,1515,1595,1650,1699,1699,1500,1495,1585,1650,1700,1528,1548,1546,1546,1545,1550,1600,1600,1550,1595,1525,1537.5,1500,1500,1595,1550,1595,1550,1575,1650,1675,1650,1600,1600,1650,1600,1612.5,1612.5,1550,1600,1540,1562.5,1575,1550,1600,1600,1512.5,1562.5,1525,1650,1549.5,1750
"Capitol Hill","Washington","DC","Washington","District of Columbia",94,,,,,,,,,,,,,,,,,,,,,,,,,,,,,,,,,,,,,,,,2650,2175,2175,2500,2600,2447.5,2500,2547.5,2352.5,2472.5,2495,2500,2450,2300,2695,2650,2500,2425,2400,2425,2682.5,2725,2500,2550,2734.5,2695,2625,2725,2897.5,2800,2690,2500,2510,2600,2650,2792.5,3050,2900
"Financial District","New York","NY","New York","New York",95,,,,,,,,,,,4450,4095,3497.5,3100,3097,3100,3292.5,3280,3400,3390,3395,3350,3300,3308.5,3395,3395,3395,3325,3450,3477.5,3495,3400,3450,3400,3400,3422,3350,3295,3250,3295,3295,3300,3300,3393.5,3797.5,3874,3800,3800,3840,3800,3795,3800,3850,3845,3950,3900,3950,3900,3800,3800,3800,3739,3800,3840,3795,3800,3750,3800,3895,3875,3800,3800,3800,3800,3750,3635.5,3750
"La Jolla","San Diego","CA","San Diego","San Diego",96,,,,,,,,,3700,3900,3995,3600,3500,3500,3500,3500,3300,3500,3500,3500,3500,3600,3875,3925,3800,3700,3800,3800,4000,4000,4000,3925,4000,4000,3800,3650,3500,3600,3950,4000,4000,3500,3500,3875,3900,3892.5,3800,3900,3900,3600,3600,4000,4000,4000,3900,3995,3999,3700,3600,3700,4000,3600,3600,3495,3500,3500,3600,3600,3722.5,3850,3900,3900,3900,3500,3600,3500,3595
"Flatiron District","New York","NY","New York","New York",97,,,,,,,,,,,,,,,,3425,3460,3372.5,3325,3295,3395,3195,3150,2995,3195,3195,3195,3350,3500,3625,3635,3500,3595,3500,3500,3475,3450,3495,3500,3695,3700,3600,3671,3650,3750,4000,3997.5,3925,4000,4061,4170,4100,4595,4000,4080,4000,4100,4015,4080,4200,4182.5,4225,4200,4200,4100,4100,4141.5,4200,4300,4225,4200,4330,4225,4250,4170,4185,4000
"Pacific Beach","San Diego","CA","San Diego","San Diego",98,,,,,,,,,,,,,,,,,,,,,,,,,,,,,,,,,,,,,,,,,,,,,,,,,,,,,,,,,,,,,,2175,2175,2272.5,2225,2375,2445,2272.5,2200,2272.5,2300,2272.5,2272.5,2400,2200,2300,2297.5
"Ravenswood","Chicago","IL","Chicago","Cook",99,,,,,,,,,,,,,,,,,,,,,,,,,,,,,,,,,,,,,,,,,,,,,,,,,,1500,1500,1600,1550,1600,1672.5,1597.5,1525,1495,1490,1550,1600,1600,1600,1550,1575,1697,1697,1700,1675,1637.5,1675,1695,1700,1750,1600,1600,1600
"Washington Avenue Coalition - Memorial Park","Houston","TX","Houston","Harris",100,,,,,,,,,,,,,,,,,,,,,,,,,,,,,,,,,,,,,,,,,,,1554.5,1635,1517.5,1540,1540,1478.5,1490,1495,1500,1554,1495,1554,1554,1568,1568,1497.5,1497.5,1495,1554,1554,1654,1658,1700,1724,1847.5,1812,1724,1654,1845,1800,1742.5,1658,1598.5,1630,1712.5
"Landmark-Van Dom","Alexandria","VA","Washington","Alexandria City",101,,,,,,,,,,,,1650,1650,1750,1670,1697.5,1642.5,1650,1712.5,1737.5,1700,1612.5,1600,1650,1650,1675,1650,1700,1850,1850,1850,1850,1650,1675,1697,1800,1785,1725,1650,1712.5,1785,1745,1680,1647,1750,1750,1750,1795,1750,1750,1750,1750,1775,1750,1750,1700,1775,1750,1750,1797.5,1725,1737.5,1797.5,1850,1850,1825,1850,1750,1750,1750,1850,1700,1700,1700,1800,1797.5,1800
"Woodbridge","Irvine","CA","Los Angeles-Long Beach-Anaheim","Orange",102,,,,,,,,,,,,,1975,2000,2112.5,2050,2100,2200,2225,2347.5,2400,2325,2275,2150,2272.5,2400,2395,2125,2370,2272.5,2300,2400,2300,2395,2200,2295,2295,2350,2250,2290,2262.5,2200,2000,2100,2300,2250,2400,2200,2400,2400,2400,2400,2300,2400,2412.5,2400,2400,2400,2425,2425,2400,2412.5,2412.5,2400,2400,2400,2400,2500,2475,2500,2400,2425,2500,2400,2350,2600,2500
"West Town","Chicago","IL","Chicago","Cook",103,,,,,,,,,,,,,,,,,,,2100,2200,2125,2000,2000,2025,2097.5,2000,1900,2100,2250,1978.5,2000,2200,2200,2200,2200,2200,2200,2150,2195,2325,2324.5,1925,2000,2250,2325,2200,2200,2112.5,2150,2100,2250,2400,2387.5,2275,2450,2500,2400,2350,2400,2600,2700,2425,2200,2472.5,2500,2262.5,2100,2300,2300,2350,2325,2350,2450,2450,2400,2425,2400
"Allston","Boston","MA","Boston","Suffolk",104,,,,,,,,,,,,,,,,,,,,,,,,,,,,,,,,,,,,,,,,,,,,,,,2400,2400,2400,2399,2350,2450,2400,2350,2300,2285,2295,2250,2350,2500,2599,2425,2395,2300,2300,2300,2250,2300,2300,2400,2462.5,2599,2600,2499.5,2400,2400,2300
"Clinton Hill","New York","NY","New York","Kings",105,,,,,,,,,,,,,,,,,,,,,,2600,2450,2450,2585,2400,2300,2350,2400,2440,2595,2500,2550,2500,2300,2450,2500,2750,2750,2850,2900,2850,2750,2800,3000,3000,2997.5,3000,3000,3000,2800,2847.5,3000,2924.5,3000,3000,3000,2997.5,2950,3000,3100,3050,3115,3000,3000,3000,3050,3000,3000,3000,3300,3300,3150,3300,3100,3200,3000
"Flamingo Lummus","Miami Beach","FL","Miami-Fort Lauderdale","Miami-Dade",106,,,,,,,,,1995,2000,2075,1800,1650,1600,1650,1750,1650,1600,1600,1600,1700,1800,1700,1700,1800,1800,1800,1800,1800,1800,1700,1750,1750,1795,1850,1900,1850,1950,1950,1900,1900,1875,1800,1800,1850,1900,1900,1900,1995,1950,1900,1950,1975,1990,1900,1875,1900,1950,1950,1999,2000,2000,2000,2000,2000,2000,1950,1950,1950,1999,2100,2100,2200,2200,2000,1992.5,1950
"Edgewater Beach","Chicago","IL","Chicago","Cook",107,,,,,,,,,,,,1050,1150,1050,1032.5,1000,875,875,995,995,995,975,1050,1000,1125,1100,1100,1000,1000,1095,1100,1195,1150,1025,975,975,1100,1100,1100,1000,980,947.5,925,1050,1200,1175,1100,1100,1150,1150,1195,1150,1225,1275,1200,1200,1150,1175,1137.5,1175,1250,1250,1250,1285,1300,1300,1300,1300,1250,1250,1300,1275,1300,1300,1300,1250,1275
"West Village","New York","NY","New York","New York",108,,,,,,,,,,,,3350,3200,3350,3500,3700,3500,3500,3322.5,3400,3297.5,3000,3000,3070,3100,3095,3295,3450,3450,3572.5,3547.5,3700,3660,3699.5,3500,3500,3547.5,3500,3495,3595,3500,3575,3500,3550,3700,3700,3675,3700,3700,3725,3800,3800,3995,3700,3700,3772.5,3800,3797.5,3700,3800,3750,3700,3700,3800,3800,3895,3850,3950,3995,3800,3797.5,3725,3725,3800,3750,3750,3700
"Kew Gardens","New York","NY","New York","Queens",109,,,,,,,,,,,,,,,,,,,,,,,,,,,,,,,,,,,,,,,,,,,,,,,,,1675,1612.5,1637.5,1650,1600,1600,1624,1612,1662.5,1650,1700,1700,1725,1725,1735,1745,1700,1750,1875,1875,1725,1725,1900,1850,1797,1772.5,1700,1650,1750
"Brickell","Miami","FL","Miami-Fort Lauderdale","Miami-Dade",110,2100,2000,2000,2000,2100,2000,2150,2200,2100,2100,2200,2100,1950,2000,2000,2000,2100,2100,2100,2150,2200,2200,2200,2200,2199.5,2200,2190,2150,2200,2275,2250,2250,2297.5,2295,2300,2300,2350,2350,2300,2300,2300,2300,2350,2400,2400,2400,2375,2399,2350,2350,2350,2400,2400,2400,2399,2400,2400,2400,2450,2425,2500,2500,2500,2500,2500,2550,2600,2550,2500,2500,2550,2550,2550,2500,2500,2450,2500
"North Central","Philadelphia","PA","Philadelphia","Philadelphia",111,,,,,,,,,,,,,,,,,,,,,,,,,,,,,,,,,,,,,,,,,,,,,,,,2000,2005,2000,2100,2000,2000,2000,1800,1700,2000,2000,1950,2000,2200,2085,2000,2000,1900,2000,2000,2000,2100,2275,2250,2300,2300,2200,2200,2250,2200
"Point Breeze","Philadelphia","PA","Philadelphia","Philadelphia",112,,,,,,,,,,,,,,,,,,,1275,1250,1197.5,1100,1200,1200,1100,1195,1195,1175,1137.5,1000,1000,1000,1000,1100,1172.5,1100,1195,1200,1250,1225,1200,1200,1200,1200,1200,1225,1225,1100,1100,1117.5,1142.5,1185,1200,1200,1200,1100,1097.5,1095,1150,1175,1200,1200,1295,1297.5,1350,1350,1350,1200,1200,1100,1100,1195,1300,1250,1300,1300,1350
"Fairmount","Philadelphia","PA","Philadelphia","Philadelphia",113,,,,,,,,,,,,,,,,,,,,,,,,,,,,,,,,,,,,,,,,,,,,,,,,,1500,1672.5,1695,1695,1675,1675,1675,1612.5,1597.5,1600,1625,1800,1800,1800,1700,1795,1700,1695,1725,1725,1700,1700,1700,1687.5,1650,1700,1750,1700,1725
"Brooklyn Heights","New York","NY","New York","New York",114,,,,,,,,,,,,,,,,,,,,,2916,2875,2850,3100,3000,2750,2800,2500,2500,2550,2500,2650,2903,2750,2755,2775,2800,2950,2900,2950,2800,2900,2983,2950,3247.5,3400,3575,3687,3600,3550,3500,3600,3687,3525,3425,3300,3400,3100,3200,3500,3450,3400,3400,3475,3700,3700,3450,3410,3600,3550,3850,3660,3750,3747.5,3550,3137.5,3200
"Waikiki","Honolulu","HI","Urban Honolulu","Honolulu",115,,,,,,,,,1600,1700,1600,1650,1600,1596.5,1596,1544.5,1483,1500,1598.5,1500,1519.5,1647,1695,1672.5,1697,1700,1800,1700,1800,1800,1775,1800,1797,1798.5,1900,2000,2000,1900,1850,1950,1987.5,1900,1900,1900,1900,1900,2200,2000,2100,2000,2000,2200,2100,2187.5,2000,2175,2200,2200,2223.5,2500,2408,2300,2200,2199,2200,2200,2100,2200,2200,2200,2200,2300,2200,2300,2350,2200,2300
"Seminary Hill","Alexandria","VA","Washington","Alexandria City",116,,,,,,,,,,,,,,,,,,,,,,,,,,,,,,,,,,,,,,,,,,,,,,,,,,,,,,,,,,,,,1700,1700,1725,1649,1650,1650,1850,1824.5,1700,1700,1650,1650,1750,1747.5,1850,1850,1925
"Back Bay","Boston","MA","Boston","Suffolk",117,,,,,,,,,,,,2900,2900,2695,2600,2650,2800,2897.5,3000,3200,3200,2875,2775,3197.5,2950,2800,2725,2800,3000,3000,3000,3200,3200,3300,3412.5,3200,3200,2900,3050,3100,3000,2950,2950,2850,3000,2950,2899.5,2900,2850,2800,2800,2800,2800,2850,2899,2990,2850,2900,2800,2895,2850,2875,2900,2900,2899.5,2900,2900,2850,2872.5,2900,2900,2950,2950,3000,2937.5,2800,2850
"Near North","Chicago","IL","Chicago","Cook",118,,,,,,,,,,,,1600,1599.5,1600,1697.5,1659,1850,1900,1995,2000,2000,1999,1999,1870,1849,1878,2000,2045,2100,2050,2099,1950,2120,2134,1900,1995,2100,2100,2000,1868,1900,1974.5,1909,1916,1950,1997,2015,2015,2000,2000,2075,2150,2200,2250,2250,2326,2097.5,2362.5,2326,2375,2326,2300,2250,2000,2015,2000,2250,2100,2000,2030,2050,2275,2200,2097.5,2287.5,1970,2000
"Columbus Circle","New York","NY","New York","New York",119,,,,,,,,,,,,,,2835,3090,2985,3157,3100,3333.5,3100,3100,3200,3157,3195,3115,3190,3100,3200,3217.5,3264,3292.5,3200,3300,3275.5,3250,3200,3200,3200,3290,3300,3323,3300,3349.5,3270,3439,3500,3500,3500,3557,3575,3520.5,3495,3500,3500,3500,3500,3495,3500,3495,3439,3500,3545.5,3569.5,3569.5,3590,3575,3592.5,3597,3595,3520.5,3541,3557,3564,3500,3439,3500,3450
"Uptown","Chicago","IL","Chicago","Cook",120,,,,,,,,,,,,,,,,,1200,1300,1395,1400,1297.5,1305,1390,1400,1475,1450,1487.5,1425,1247.5,1297.5,1362.5,1405,1397.5,1395,1395,1297.5,1300,1300,1300,1300,1295,1250,1295,1400,1462.5,1450,1425,1475,1520,1532.5,1600,1550,1655,1695,1692.5,1587.5,1600,1597.5,1545,1545,1510,1497.5,1450,1462.5,1697.5,1825,1750,1662.5,1637.5,1600,1595,1600,1600,1650,1547.5,1532.5,1700
"Sutton Place","New York","NY","New York","New York",120,,,,,,,,,,,,2600,2400,2800,2800,2895,3200,3500,3900,3825,3495,3095,2800,3000,2995,2900,2997.5,3200,3472.5,3500,3400,3472.5,3500,3497.5,3300,3200,3295,3295,3400,3500,3395,3250,3200,3400,3395,3500,3500,3500,3500,3500,3495,3245,3245,3500,3500,3500,3500,3500,3472.5,3400,3400,3395,3400,3500,3500,3500,3500,3500,3500,3400,3500,3500,3500,3500,3497.5,3300,3250
"Greenway - Upper Kirby Area","Houston","TX","Houston","Harris",122,,,,,,,,,,,,,,,,,,,,,,,,,,,,,,,,,,,,,,,,,1675,1555,1569,1596,1465.5,1465.5,1484,1497,1552,1552,1573.5,1490.5,1484,1447,1500,1521,1552,1523,1523,1484,1465.5,1490.5,1500,1500,1500,1475,1436.5,1447,1467,1500,1595,1659.5,1612.5,1549,1489.5,1523,1549
"Bucktown","Chicago","IL","Chicago","Cook",123,,,,,,,,,,,,,,,,,,,,,,,,,,,,,,,,,,,,,,,,,,,,,,2300,2275,2325,2395,2372.5,2400,2475,2450,2500,2475,2400,2300,2200,2200,2325,2375,2400,2400,2350,2299.5,2495,2495,2400,2450,2500,2500,2500,2500,2375,2425,2500,2500
"Streeterville","Chicago","IL","Chicago","Cook",124,,,,,,,,,,,,,1900,1900,1900,1815,1700,1741.5,1947.5,2000,2080,2000,2000,1950,2085,2100,2022.5,2200,2100,2085,2000,1962.5,2050,2155,1980.5,2095,2170,2017.5,2100,2121,2160,2097,2090,2049.5,2138,2176,2176,2200,2200,2200,2200,2200,2150,2287,2200,2200,2200,2200,2188,2200,2232,2200,2176,2170,2176,2182,2143,2138,2160,2116,2143,2149,2176,2200,2188,1980,2138
"South of Market","San Francisco","CA","San Francisco","San Francisco",125,,,,,,,,,,,,,,,,,,,,,,,,,,,,,,,,,,,,,,,,,,,,,,3897.5,3695,3700,3950,3995,3950,3797.5,3747.5,3797.5,3825,3850,4000,3990,4400,4200,4450,3995,4350,4375,4275,4700,4695,4597.5,4500,4435,4200,4350,4500,4100,4000,4180,4000
"Turtle Bay","New York","NY","New York","New York",126,,,,,,,,,3200,3275,3000,3150,3000,2900,2900,2997.5,2997.5,3000,3081,3025,3200,3200,3150,3050,3000,3000,3100,3200,3200,3000,3095,3100,3200,3200,3062.5,3000,3000,3000,3095,3100,3062.5,3000,3200,3150,3300,3300,3250,3250,3300,3300,3350,3400,3400,3350,3387.5,3400,3400,3400,3400,3400,3400,3400,3350,3300,3350,3400,3425,3400,3350,3300,3275,3250,3250,3300,3300,3300,3300
"Midtown","New York","NY","New York","New York",127,,,,,,,,,,,,,,3250,3300,3397.5,3800,3500,3672.5,3800,3695,3400,3500,3425,3595,3400,3400,3425,3495,3400,3395,3435,3500,3500,3450,3450,3400,3400,3475,3500,3500,3500,3451,3443.5,3700,4250,4000,4000,4000,4150,4300,4000,4200,4000,3908,4000,4200,4000,4000,4300,4300,4500,4050,4300,4400,4300,4200,4100,4250,4250,4500,4400,4400,4400,4350,4350,4150
"Astrodome Area","Houston","TX","Houston","Harris",128,,,,,,,,,,,,,,,,,,,,,,,,,,,,,,,,,,,,,,,,,,,,,,,,,,,,,,,,,,,,,1308.5,1282.5,1200,1200,1212.5,1197,1200,1200,1200,1200,1200,1275,1300,1300,1310,1292.5,1200
"Charlestown","Boston","MA","Boston","Suffolk",129,,,,,,,,,,,,,,,,2512.5,2500,2527.5,2500,2650,2767.5,2900,2920,2940,2700,2750,2455,2500,2600,2500,2500,2567.5,2600,2800,2800,2900,2800,2795,2950,2900,2807.5,2950,2750,2790,2900,2699,2699.5,2962.5,2760,2700,2700,2699,2825,2700,2545,2545,2650,2595,2600,2500,2500,2550,2674.5,2700,2725,2550,2537.5,2600,2600,2600,2800,2825,2800,2745,2795,2687,2795
"Metro West","Orlando","FL","Orlando","Orange",130,,,,,,,,,,,,795,850,850,900,850,885,850,895,850,895,875,850,885,850,900,950,900,900,927.5,985,900,950,900,885,900,900,900,919,900,900,900,900,950,950,935,925,925,950,950,950,950,950,950,957.5,950,937.5,950,995,995,995,1000,1050,1050,1000,1000,1050,1100,1100,1112.5,1100,1100,1095,1062.5,1037.5,1000,1100
"Adams Morgan","Washington","DC","Washington","District of Columbia",131,,,,,,,,,,,,,,,,,,,,,,,,,,,,,,,,,,,,,,2850,2700,2700,2600,2287.5,2527.5,2450,2550,2600,2550,2500,2400,2400,2395,2625,2300,2240,2320,2400,2600,2400,2400,2400,2490,2450,2300,2400,2550,2600,2372.5,2300,2295,2225,2197.5,2250,2300,2300,2300,2300,2500
"Midtown","Atlanta","GA","Atlanta","Fulton",132,,,,,,,,,,,,,,,,,,,,,,1800,1700,1650,1672.5,1650,1625,1612.5,1650,1675,1795,1600,1575,1795,1795,1800,1772.5,1850,1800,1799.5,1960,1925,1689,1950,1999,1800,1700,1600,1575,1700,1795,1750,1950,1750,1845,1772.5,1750,1797.5,1750,1965,2000,2000,1940,2000,2000,2195,1950,1950,1925,1925,1850,1825,1800,1885,1897.5,1900,1900
"Seatack","Virginia Beach","VA","Virginia Beach","Virginia Beach City",133,,,,,,,,,,,,,,,,,,,,,,,1395,1350,1350,1295,1360,1285,1395,1450,1400,1300,1250,1250,1250,1250,1250,1250,1275,1224,1200,1200,1200,1295,1295,1295,1250,1297.5,1300,1295,1250,1200,1200,1200,1295,1250,1200,1200,1200,1250,1250,1250,1250,1262.5,1295,1250,1300,1300,1362.5,1350,1285,1295,1250,1250,1297.5,1397.5,1295
"Tribeca","New York","NY","New York","New York",134,,,,,,,,,,,,,,,,,,,,,6422.5,5850,5400,5500,5772.5,4995,5172.5,4800,5400,5397,5300,5300,5100,4800,4995,5000,5000,5100,5200,5200,5400,5400,5175,5200,5497.5,6000,5965,5750,5647.5,5995,6000,6000,6172.5,6000,6095,6000,6000,5950,6000,6397.5,5897.5,6400,6395,6400,6347.5,6095,6000,5925,5800,5695,5695,6000,6047.5,5897.5,5847.5,5925,5500
"Logan Circle","Washington","DC","Washington","District of Columbia",135,,,,,,,,,,,,,,,,,,,,,,,,,,,,,2800,2500,2497.5,2575,2575,2550,2700,2975,2799.5,2643,2527.5,2795,3000,2750,2795,2912.5,2650,2800,2750,2790,2770,2750,2800,2910,3200,2875,2850,2750,2725,2750,2750,2750,2725,2700,2700,2850,2900,2880,2890,2900,2910,2900,2775,2890,2900,2800,2795,2695,2800
"Kenmore","Boston","MA","Boston","Suffolk",136,,,,,,,,,,,,,,,,,,,,,,,,,,,,,,,,,,,,,,,,,,,,,,2700,2900,2765.5,2740.5,2600,2510,2800,2800,2600,2500,2525,2600,3004,3004,2900,2800,2800,2700,2500,2450,2600,2697.5,2800,2850,2995,3032.5,3004,3000,2825,2800,3100,2781
"Ala Moana-Kakaako","Honolulu","HI","Urban Honolulu","Honolulu",137,,,,,,,,,,,,,,,,,,3200,3050,3200,2800,3000,2650,2700,2722,3000,3200,3300,3000,2800,2800,2900,3100,3050,3000,3000,3000,2600,3000,3200,3200,3200,3100,3000,3200,3300,3100,3450,3000,3000,3000,3200,3200,3000,3000,3200,3175,3100,3200,3000,3300,3150,3200,3000,3000,3040,3000,3100,3100,3050,3200,3200,3100,3000,2775,2900,3000
"Spuyten Duyvil","New York","NY","New York","Bronx",138,,,,,,,,,,,,,,,,,,,,,,,,,,,,,,,,,,,,,,,,,,,,,,,,,,1800,1800,2000,2100,2150,2200,2100,2200,2175,2150,2195,2247.5,2200,2275,2200,2325,2400,2650,2487,2462.5,2400,2300,2275,2487.5,2487.5,2100,2000,2000
"Wynwood - Edgewater","Miami","FL","Miami-Fort Lauderdale","Miami-Dade",139,,,,,,,,1675,1700,1800,1725,1600,1600,1600,1600,1600,1650,1650,1650,1695,1750,1750,1800,1800,1900,1900,1875,1975,2099,2100,2000,2000,2000,2000,2100,2150,2200,2192.5,2100,2100,2100,2100,2150,2200,2100,2100,2100,2000,2000,2000,2000,2100,2125,2120,2150,2100,2150,2185,2100,2050,2100,2187.5,2300,2300,2400,2400,2400,2400,2400,2500,2500,2500,2500,2550,2500,2400,2350
"University Village - Little Italy","Chicago","IL","Chicago","Cook",140,,,,,,,,,,,,,,,,,,,,,,,1900,1850,1800,1800,1762.5,1850,1900,1900,1900,1850,1800,1800,1600,1550,1700,1700,1680,1519.5,1552.5,1522,1500,1499,1700,1800,1800,1800,1800,1800,1800,2000,1975,1900,2075,2046,2000,2000,2000,1810,1775,1800,1800,1900,2000,2000,2200,1999.5,1950,1962.5,2000,2000,2000,1995,2073,2000,2000
"Gold Coast","Chicago","IL","Chicago","Cook",141,,,,,,,,,,,1650,1650,1625,1600,1750,1775,1847.5,1600,1687.5,1750,1700,1550,1542.5,1550,1625,1595,1700,1690,1800,1725,1885,1800,1850,1850,1700,1804,1804,1700,1707,1707,1670,1650,1644.5,1636.5,1695,1637,1695,1674,1674.5,1700,1800,1767.5,1725,1750,1775,2037.5,2000,2000,1900,1850,1850,1800,1800,1800,1862.5,1800,1795,1750,1797.5,1825,1850,1792.5,1750,1750,1950,1775,1800
"Fishtown","Philadelphia","PA","Philadelphia","Philadelphia",142,,,,,,,,,,,,,,,,,,,,,,,,,,,,,,,,1500,1472.5,1550,1595,1500,1537.5,1500,1497.5,1495,1597.5,1525,1500,1350,1470,1500,1400,1472.5,1500,1500,1500,1695,1795,1750,1800,1595,1600,1550,1500,1497.5,1525,1500,1600,1685,1662.5,1700,1700,1687.5,1597.5,1500,1595,1595,1500,1625,1800,1650,1587
"Villages of Palm Beach Lakes","West Palm Beach","FL","Miami-Fort Lauderdale","Palm Beach",143,,,,,,,,,,,,,,,,950,950,950,950,975,979,982,950,950,999.5,1050,1050,999.5,1000,999,1000,1000,999,1000,1000,1000,1000,1000,1025,1000,1050,1000,1016,1000,1100,1100,1100,1112.5,1125,1100,1100,1100,1100,1135,1150,1150,1172.5,1150,1150,1150,1150,1150,1195,1200,1200,1175,1195,1225,1200,1200,1200,1200,1250,1250,1300,1250,1250
"Tudor City","New York","NY","New York","New York",144,,,,,,,,,,,,,,,,,,,,,,,,,,2986,3000,3000,3000,3000,3000,3000,3000,3000,2950,2900,2853,2952.5,2995,2999,2999,3000,3000,3050,3200,3140.5,3100,3000,3000,3000,3000,3050,3025,3200,3181,3200,3200,3200,3165.5,3125,3000,3000,3100,3190.5,3100,3241,3297.5,3241,3250,3300,3300,3200,3200,3181,3190.5,3200,3200
"Capitol Hill","Denver","CO","Denver","Denver",145,,,,,,,,,,,,,,,,,,,,,,,,,,,,,,,,,,,,,,,,,,,,,,,,,,,,,,,,,,,,,,,,,1300,1525,1600,1700,1750,1697.5,1495,1475,1500,1595,1750,1550,1487.5
"Battery Park","New York","NY","New York","New York",146,,,,,,,,,,,,3295,3150,3095,3395,3082.5,3145,3597.5,3650,3500,3450,3395,3400,3590,3772.5,3750,3707.5,3772.5,3945,3995,3800,3800,3800,3895,3650,3577.5,3500,3500,3550,3747.5,3695,3655,3795,3995,3800,3550,3500,3500,3500,3500,3500,3750,4047.5,4000,3997.5,4047.5,3772.5,3972.5,3850,3850,3665,3650,3725,3712.5,3897.5,3895,4095,4200,4197.5,4495,4200,4000,4000,3995,4200,4225,4385
"West University","Austin","TX","Austin","Travis",147,,,,,,,,,,,,,,,,,,,,,,,,,,,,,,,,,,,,,,,,,,,,,,1450,1450,1475,1475,1475,1400,1600,1497.5,1475,1395,1400,1400,1500,1495,1500,1500,1475,1495,1497.5,1325,1375,1350,1550,1600,1600,1575,1750,1700,1550,1350,1550,1450
"Pioneer Park","Las Vegas","NV","Las Vegas","Clark",148,,,,,,,,,,,,,,,,,,,,,,750,797.5,795,762.5,800,825,825,815,800,750,750,750,795,800,799,800,800,800,800,812.5,850,850,795,795,785,795,800,800,825,812.5,850,850,850,850,872.5,850,850,850,825,800,862.5,897,875,875,857.5,857.5,850,895,850,850,850,900,875,850,895,937.5
"Dupont Circle","Washington","DC","Washington","District of Columbia",149,,,,,,,,,,,,,,,,,,,,,,,,,,2600,2200,2500,2612.5,2275,2200,2400,2300,2300,2325,2450,2462.5,2500,2569.5,2487,2487,2500,2400,2300,2520,2600,2500,2455,2455,2450,2455,2497.5,2300,2400,2497.5,2500,2350,2325,2200,2100,2322.5,2400,2400,2395,2365,2305,2300,2455,2397.5,2547.5,2500,2500,2450,2400,2550,2550,2375
"Near West Side","Chicago","IL","Chicago","Cook",150,,,,,,,,,,,,1600,1650,1700,1665,1655,1700,1800,1900,1900,1972.5,2000,1850,1912.5,1997.5,1900,1925,1985,1897.5,1900,1980,1972.5,2000,1900,1900,1850,1862.5,1875,1850,1860,1860,1900,1899.5,1900,1900,1900,2000,2000,2000,2000,2000,2200,2100,1995,2100,2000,2050,2172.5,2250,2195,2050,2200,2195,2200,2200,2250,2400,2400,2250,2299,2250,2195,2250,2300,2362.5,2290,2490
"North Shore","Miami Beach","FL","Miami-Fort Lauderdale","Miami-Dade",151,,,,,,,,,2100,2000,1725,1700,1690,1692.5,1750,1800,1800,1900,2000,1950,1975,1980,1900,1800,1900,1987.5,2150,2100,2125,1925,1800,1850,1800,1800,1800,1800,1850,1900,2100,2300,2300,2300,2100,2250,2200,2200,2200,2250,2225,2187.5,2150,2250,2322.5,2400,2250,2100,2000,2100,2000,2100,2200,2250,2500,2500,2500,2375,2300,2250,2250,2300,2300,2300,2300,2250,2250,2200,2200
"Georgetown","Washington","DC","Washington","District of Columbia",152,,,,,,,,,,,,,,,,,,,,,,,,,,,,,,,,,,,,,,,,,,,,,,,,,,,,,,,,3950,3950,3672.5,3497.5,3250,3175,3550,3300,3300,3400,3500,3600,3500,3500,3500,3500,3500,3700,3725,3975,4000,4560
"South Lakes Dr - Soapstone Dr","Reston","VA","Washington","Fairfax",153,,,,,,,,,,,,,,,,,,,,,,,,,,,,,,,,,,1800,1750,1712.5,1700,1750,1750,1742.5,1700,1725,1825,1850,1800,1750,1750,1750,1795,1795,1795,1787.5,1745,1700,1800,1800,1725,1700,1750,1795,1797.5,1795,1800,1800,1750,1750,1800,1750,1750,1700,1700,1800,1850,1795,1700,1725,1797.5
"Foggy Bottom","Washington","DC","Washington","District of Columbia",154,,,,,,,,,,,,,,,,,,,,,,,,,,,,,,,,,,,,,,,,,,,,,,,,,,,,,,,,,,,,,,,,2300,2200,2197.5,2450,2625,3000,2750,2595,2525,2325,2225,2250,2200,2400
"North Cambridge","Cambridge","MA","Boston","Middlesex",155,,,,,,,,,,,,,,,,,,,,,,,,,,,,,,,,,,,,,,,,,,,,,,,,,,,2781.5,2884,2800,2600,2550,2781.5,2800,2883.5,2781.5,2843,2884,2866.5,2883.5,2843,2950,2843,2801.5,2750,2760.5,2801.5,2843,2801.5,2751,2781.5,2801.5,2800,2953
"Mid-Cambridge","Cambridge","MA","Boston","Middlesex",156,,,,,,,,,,,,,,,,,,,,,,,,,,,,,,,,,,2250,2225,2150,2200,2375,2300,2200,2250,2250,2200,2200,2500,2435,2200,2200,2200,2200,2200,2400,2400,2400,2400,2400,2350,2225,2372.5,2400,2400,2400,2500,2437.5,2500,2500,2400,2500,2400,2400,2500,2500,2385,2400,2360,2400,2500
"Downtown","Miami","FL","Miami-Fort Lauderdale","Miami-Dade",157,,,,,,,,2300,2250,2250,2300,2200,2100,2000,2100,2150,2100,2150,2200,2250,2300,2250,2250,2250,2300,2250,2200,2200,2250,2300,2300,2350,2350,2300,2400,2400,2400,2450,2400,2400,2300,2200,2300,2450,2400,2400,2382.5,2380,2350,2350,2350,2400,2400,2450,2400,2350,2200,2200,2200,2200,2300,2350,2400,2400,2500,2600,2600,2500,2500,2500,2500,2500,2500,2500,2500,2450,2412.5
"Wicker Park","Chicago","IL","Chicago","Cook",158,,,,,,,,,,,,,,,,,,,,,,,,,,,,,,,,,,,,,,,,,,,,,,,,2300,2400,2500,2595,2725,2850,2800,2950,2800,2500,2500,2445,2487.5,2500,2500,2650,2500,2700,2600,2575,2587.5,2445,2400,2300,2300,2500,2575,2812.5,2800,2575
"Windy Hill","Jacksonville","FL","Jacksonville","Duval",159,,,,,,,,,,,,,,,,1100,1100,1050,1095,1095,1095,1055,1050,1095,1097.5,1095,1062.5,1000,1050,1095,1075,1050,1050,1075,1050,1050,1050,1070,1100,1100,1095,1095,1095,1100,1095,1095,1100,1100,1100,1097.5,1095,1075,1095,1095,1100,1125,1095,1095,1095,1125,1150,1100,1095,1100,1075,1100,1150,1150,1100,1137.5,1150,1150,1150,1150,1125,1150,1150
"Ballston-Virginia Square","Arlington","VA","Washington","Arlington",160,,,,,,,,,,,,,,,,,,,,,,,,,,2395,2495,2600,2575,2350,2450,2500,2397.5,2600,2500,2597.5,2472.5,2570,2500,2590,2672.5,2695,2595,2550,2500,2325,2300,2400,2400,2450,2425,2672.5,2470,2490,2495,2470,2437.5,2450,2400,2495,2400,2400,2400,2350,2200,2295,2425,2400,2490,2470,2447.5,2497.5,2425,2500,2575,2600,2525
"Cambridgeport","Cambridge","MA","Boston","Middlesex",161,,,,,,,,,,,,,,,,,,,,,,,,,,3000,3000,2627.5,2697,2700,2987.5,3145.5,3038,3059,3145.5,3100,3184,3102,3075,3100,3034.5,3039.5,3075.5,3175,3300,3300,3300,3300,3300,3300,3289.5,3239.5,3200,3000,3012,3279,2950,3000,3000,3024,3024,3031,3038,2992.5,3000,3000,3000,3100,3119,3031,3038,3000,2981.5,3031,3100,3200,3252
"Downtown","Long Beach","CA","Los Angeles-Long Beach-Anaheim","Los Angeles",162,,,,,,,,,,,,,,,,,,,,,,,,,1600,1850,1837.5,1600,1850,1700,1650,1500,1550,1610,1595,1497.5,1650,1520,1775,1997,1800,1750,1800,1737.5,1750,1750,1950,1900,1965,1950,1895,2000,2097.5,1995,1972.5,1922.5,1997.5,1900,2001,1995,1997.5,2250,2150,2225,2150,1950,2072.5,2100,2045,2047.5,2150,2150,2095,1995,1997.5,2100,2100
"South Beach","San Francisco","CA","San Francisco","San Francisco",163,,,,,,,,,,,,,,,,,,,,,,,,,,,,,,,,,,,4100,4400,4000,4375,4000,4275,4187.5,4175,4000,4200,4200,4000,4000,3975,3862.5,3950,3987.5,4050,4000,4200,4000,4350,4850,4450,4500,4500,4550,4650,4300,4885,5350,5199,5300,5600,5250,5000,4880,4947.5,4999,5000,5000,4450,4500
"Park West","Chicago","IL","Chicago","Cook",164,,,,,,,,,,,,,,,,,,,,,,,,,,,,,,,,,,,,1550,1544,1500,1500,1515,1525,1475,1525,1535,1650,1650,1725,1650,1600,1600,1600,1500,1500,1550,1697.5,1785,1700,1797.5,1800,1900,1850,1795,1797.5,1775,1700,1700,1650,1650,1550,1550,1600,1700,1740,1730,1787.5,1650,1850
"Manayunk","Philadelphia","PA","Philadelphia","Philadelphia",165,,,,,,,,,,,,,,,,,,,,,,,,,,,,,,,,,,,,,,,,,,,,,,,,,,1750,1650,1675,1650,1650,1700,1650,1600,1599,1550,1775,1850,1850,1820,1800,1800,1700,1650,1625,1599,1650,1600,1650,1812.5,1850,1900,1800,1825
"Buena Park","Chicago","IL","Chicago","Cook",166,,,,,,,,,,,,,1199.5,1100,1200,1262.5,1320,1262.5,1285,1300,1335,1350,1345,1347.5,1315,1385,1362.5,1295,1305,1250,1300,1445,1442.5,1462.5,1447.5,1407.5,1512.5,1450,1435,1405,1395,1355,1372.5,1400,1400,1400,1400,1357.5,1397.5,1360,1400,1467.5,1550,1625,1600,1600,1500,1500,1455,1467.5,1450,1550,1450,1550,1600,1550,1575,1497.5,1425,1400,1400,1450,1475,1500,1550,1500,1500
"Old Town","Chicago","IL","Chicago","Cook",167,,,,,,,,,,,,,,,,,,,,,,,,,,,,,,,,,,,,2295,1972.5,1985,1910,1950,1900,1900,1870,1812.5,1825,1800,1800,1892.5,1890,1950,2195,1975,1925,2000,1900,1897.5,2000,1995,1975,1900,1950,1890,1900,2100,1925,2000,1950,1900,1900,1900,1895,2000,2000,2000,1900,1950,1862.5
"Hunters Point","New York","NY","New York","Queens",168,,,,,,,,,,,,,,,,,,,,,,,,,,,,,,,,,,,,,2650,2720,2735,2750,2795,2800,2845.5,2805,2995,3000,3100,3110,3100,3130,3100,3085,3000,3000,3092.5,3140,3092.5,3140,3110,3100,3120,3217.5,3140,3140,3235,3110,3140,3175,3200,3242.5,3242.5,3300,3150,3085,3085,3150,3085
"Peabody","Cambridge","MA","Boston","Middlesex",169,,,,,,,,,,,,,,,,,,,,,,,,,,,,,,,,,,,2200,2100,2350,2270,2312.5,2175,2132.5,2100,2200,2170,1900,1900,1950,2100,2100,2100,2200,2000,2000,2000,2200,2250,2275,2300,2325,2300,2175,2100,2250,2350,2400,2500,2475,2400,2400,2500,2500,2500,2400,2400,2400,2300,2500
"Kings Point","Delray Beach","FL","Miami-Fort Lauderdale","Palm Beach",170,,,,,,,,,,,,,650,650,700,637.5,650,695,750,750,750,750,800,775,750,750,775,750,800,760,800,800,800,800,800,795,725,750,750,760,750,800,860,900,900,900,875,900,850,850,850,850,850,850,850,900,910,972.5,950,900,900,962.5,900,950,900,975,1100,1000,1025,1050,1100,1000,1000,1000,1000,1000,950
"The Waterfront","Jersey City","NJ","New York","Hudson",171,,,,,,,,,,,,,,,,,,,,,2600,3000,2995,2800,2750,2650,2947.5,3100,2825,3000,3000,2850,3200,3175,2800,2975,2650,2800,2875,2845,2980,2900,2950,2925,3042.5,3092.5,2990,2977.5,2995,2800,2825,2800,2800,3000,3100,3000,2800,2800,2775,3100,3275,3275,3287.5,3350,3100,3150,3100,3237.5,2925,2800,2900,2900,2925,3100,3125,2950,2975
"Palm Aire","Pompano Beach","FL","Miami-Fort Lauderdale","Broward",172,,,,,,,,,,,,1250,1200,1200,1200,1200,1300,1300,1340,1400,1350,1290,1250,1250,1250,1250,1200,1225,1250,1299.5,1350,1325,1400,1250,1250,1200,1200,1200,1200,1200,1200,1200,1150,1200,1200,1200,1200,1200,1200,1182.5,1200,1200,1200,1200,1200,1250,1240,1250,1200,1250,1300,1300,1350,1350,1300,1300,1300,1300,1300,1275,1275,1280,1300,1300,1300,1300,1325
"Fairlington-Shirlington","Arlington","VA","Washington","Arlington",173,,,,,,,,,,,,,,,,,,,,,,,,,,,,,,,,,,,,,,,1896,1873.5,1951,1995,1900,1900,1900,1900,2050,2050,1975,2000,1977.5,1965,2000,1990,1995,1950,1962.5,2000,1837.5,1895,1897.5,1950,1992.5,2000,1950,1900,1900,1992.5,1872.5,1990,1925,1962.5,1900,1825,1995,1850,2000
"The Loop","Chicago","IL","Chicago","Cook",174,,,,,,,,,,,,1825,1800,1840,1845,1815,1849,1877,1895,1876,1850,1950,1925,1913,1845,1913,1958,1985,1918,2100,1992.5,2000,1892,1950,1933.5,1950,2100,1990,2155,2100,2000,2000,2000,1995,1995,2100,2150,2175,2100,2100,2100,2100,2200,2150,2200,2250,2241,2200,2150,2200,2250,2225,2200,2125,2125,2232,2200,2100,2100,2100,2150,2197.5,2200,2200,2200,2200,2057
"Murray Hill","New York","NY","New York","New York",175,,,,,,,,,,,,,,,2800,3000,2850,2925,2950,2937.5,2900,3200,2950,3000,2997.5,2950,3000,3200,3250,3195,3100,3200,3300,3250,3200,3100,3200,3200,3246,3300,3200,3200,3100,3200,3500,3462.5,3450,3651.5,3500,3437.5,3400,3300,3300,3272.5,3500,3425,3425,3500,3412.5,3300,3462.5,3500,3400,3412.5,3500,3437.5,3437.5,3550,3625,3625,3400,3412.5,3500,3695,3800,3800,3626.5
"Oceanfront","Miami Beach","FL","Miami-Fort Lauderdale","Miami-Dade",176,2000,2000,2000,1900,1875,1800,2100,2300,2200,2350,2300,2200,2000,1950,1950,2000,2000,2000,2100,2095,2075,2200,2200,2300,2400,2300,2300,2300,2400,2300,2200,2300,2300,2300,2400,2350,2350,2400,2300,2400,2500,2400,2400,2500,2500,2400,2400,2480,2500,2500,2500,2500,2500,2500,2500,2500,2500,2600,2600,2650,2900,2800,2899,2900,2999,2999,2800,2650,2850,2997.5,2950,2850,2900,2850,2700,2750,2700
"Mission Valley East","San Diego","CA","San Diego","San Diego",177,,,,,,,,,,,,,,,,,,,,,,,,,,1650,1775,1724.5,1750,1850,1800,1925,1700,1895,1872.5,1799.5,1772.5,1672.5,1860,1800,1850,2000,1932.5,2195,2172.5,1900,1950,1995,1925,1995,1990,2195,2195,2025,1920,2062.5,2125,2100,2095,2000,1995,2057.5,1982.5,2037.5,2075,2050,2172.5,2012.5,2150,2095,2100,2295,2197.5,2225,2100,2172.5,2050
"Sunset Hills","Reston","VA","Washington","Fairfax",178,,,,,,,,,,,,2200,2100,2100,2100,2300,2000,2000,1862.5,1950,2050,1972.5,1925,2000,2150,1925,1875,1972.5,1997.5,2180,2100,2050,2000,2000,2075,2125,1995,1922.5,1922.5,1980,2082.5,2200,2200,2150,2100,2000,1997.5,2050,1997.5,1995,1900,1900,2000,2100,2200,2050,1997.5,1997.5,2047.5,2100,2050,1950,1995,1997.5,1995,2050,2200,2200,2075,2100,2150,2000.5,2074.5,2074.5,2150,1850,2025
"East Cambridge","Cambridge","MA","Boston","Middlesex",179,,,,,,,,,,,,,,,,,,,,,,,,3150,3061.5,3064,2900,2761,3200,3227,2925,3000,3150,3100,3150,3187,3187,3100,3100,3071,3200,3275,3250,3237.5,3377,3344,3349,3416,3354,3354,3300,3344,3200,3000,2998.5,3200,3200,3194.5,3200,3194.5,3225,3250,3275,3189,3189,3100,3189,3144.5,3144.5,3144.5,3250,3050,3100,3194.5,3144.5,3354,3200
"North End","Boston","MA","Boston","Suffolk",180,,,,,,,,,,,,,,,2300,2300,2375,2500,2772.5,2700,2650,2600,2625,2880,2700,2850,2800,2700,2600,2650,2800,2650,2650,2800,2685,2625,2550,2660,2800,2625,2725,2800,2800,2900,2775,2650,2650,2525,2500,2500,2500,2612.5,2650,2650,2700,2600,2600,2650,2550,2550,2750,2750,2785,2675,2650,2637.5,2600,2500,2400,2400,2500,2500,2500,2600,2800,2800,2650
"Radnor-Ft Myer Heights","Arlington","VA","Washington","Arlington",181,,,,,,,,,,,,,,,,,,,,,,,,,,,,,,,,,,,,,,,,,,,,,2049.5,2200,2000,2172.5,2150,2000,2000,2050,2000,2000,2000,2100,2270,2050,1950,1997.5,1950,1925,1950,2072.5,2097.5,1950,2197.5,2000,1950,1950,2125,2000,1950,2000,1950,2200,1900
"Downtown","New York","NY","New York","Kings",182,,,,,,,,,,,,,,,,,,,,,2710,2747.5,2695,2750,3000,2794,2703.5,2709,2695,2685,2665,2865,2750,3000,2900,2997.5,2956.5,2990,3000,3033.5,3027.5,3025,3150,3054.5,3177.5,3019.5,3000,3300,3391,3391,3174,3200,3200,3200,3229,3200,3300,3250,3200,3300,3400,3400,3300,3391,3750,3650,3500,3457.5,3450,3412.5,3309,3380,3403,3391,3304.5,3175,2900
"Upper Eastside","Miami","FL","Miami-Fort Lauderdale","Miami-Dade",183,,,,,,,,,,,,,,,,,,,,1490,1450,1500,1500,1550,1550,1500,1525,1500,1450,1450,1399,1350,1400,1550,1550,1500,1450,1500,1500,1550,1525,1550,1450,1500,1550,1550,1650,1550,1650,1600,1600,1575,1600,1625,1600,1600,1650,1625,1650,1650,1650,1650,1750,1800,1850,1862.5,1900,1900,1900,1985,1947.5,1925,2012.5,2000,2000,1900,1950
"Beacon Hill","Boston","MA","Boston","Suffolk",184,,,,,,,,,,,,,,,,,,,,,,,,2637.5,2637.5,2450,2500,2600,2600,2500,2450,2600,2650,2600,2600,2600,2600,2600,2675,2600,2550,2700,2562.5,2575,2700,2675,2650,2600,2700,2650,2672.5,2750,2750,2650,2600,2600,2650,2500,2650,2675,2700,2700,2650,2600,2600,2600,2600,2500,2500,2500,2600,2700,2700,2700,2650,2800,2725
"Woodbury","Irvine","CA","Los Angeles-Long Beach-Anaheim","Orange",185,,,,,,,,,,,,,,,,,,,,,,,,,,,,,,,,,,,,,,,,,,,,,2900,2825,2900,2992.5,2900,2900,2850,2900,2950,3000,2850,2875,2800,2825,2900,2950,2925,2900,2925,2950,2987.5,3000,3050,3025,2995,3200,3200,3100,3000,3200,3200,3000,3100
"Little Italy","New York","NY","New York","New York",186,,,,,,,,,,,,,,,,,,,,,3475,3500,3510,3795,3497.5,3400,3725,3500,3500,3495,3495,3320,3495,3500,3550,3595,3550,3650,3600,3497.5,3500,3495,3500,3700,3425,3397.5,3450,3500,3460,3500,3500,3450,3500,3400,3397.5,3472.5,3395,3395,3472.5,3395,3472.5,3472.5,3790,3795,3645,3850,3497.5,3500,3600,3650,3500,3497.5,3450,3350,3395,3395,3495
"River North","Chicago","IL","Chicago","Cook",187,,,,,,,,,,,,,,,,,,,,2227,2165,2195,2236,2250,2161,2250,2300,2300,2300,2275,2400,2466,2494,2484,2402.5,2425,2400,2300,2415,2392,2345,2324,2327,2404,2400,2400,2250,2181,2250,2256,2300,2600,2550,2500,2374.5,2350,2400,2500,2465.5,2400,2405,2465.5,2600,2675,2600,2700,2399.5,2350,2300,2450,2500,2500,2460,2405,2402.5,2402.5,2400
"East Village","San Diego","CA","San Diego","San Diego",188,,,,,,,,,,,,,,,,,,,,2350,2300,2297.5,2250,2400,2250,2250,2225,2000,2100,2100,2100,2100,2162.5,2097.5,2250,2350,2300,2250,2225,2172.5,2295,2299,2295,2297.5,2425,2425,2600,2491.5,2400,2395,2350,2397.5,2400,2350,2435,2400,2412.5,2400,2600,2450,2497.5,2400,2300,2472.5,2585,2395,2300,2395,2450,2450,2425,2400,2500,2675,2650,2400,2300
"Old City","Philadelphia","PA","Philadelphia","Philadelphia",189,,,,,,,,,,,,,,,,,,,,,,,,,2147.5,2100,2150,1900,2099.5,2100,2100,2000,2000,2100,1817.5,1795,1795,1795,1885,1925,1850,1750,1850,1950,1875,1795,1785,1700,1700,1700,1700,1872.5,1812.5,1822.5,1900,2000,1995,1900,1927.5,1850,1895,1900,1925,1950,2000,2075,1900,1900,1975,1985,1900,1872.5,1895,1850,1900,1850,1825
"East Ukrainian Village","Chicago","IL","Chicago","Cook",190,,,,,,,,,,,,,,,,,,,,,,,,,,,,,,,,,,,,,,,,,,,,,,,,,,2395,2395,2400,2300,2200,2400,2600,2475,2400,2600,2400,2395,2297.5,2372.5,2395,2395,2400,2350,2050,2200,2350,2450,2395,2395,2397.5,2500,2275,2400
"Old Town Triangle","Chicago","IL","Chicago","Cook",191,,,,,,,,,,,,,,,,,,,,,,,,,,,,,,,,,,,,,,,,,,,,,,,,,,,,,,,,2000,2000,2000,2200,2225,2272.5,2200,2022.5,1990,1990,2055,1975,1995,1947.5,1975,1970,1950,1990,1950,2027.5,2140,2040
"Isle of Normandy","Miami Beach","FL","Miami-Fort Lauderdale","Miami-Dade",192,,,,,,,,,,,,,,,,,,,,,,,,,,1650,1600,1512.5,1450,1300,1250,1200,1200,1200,1300,1250,1300,1300,1500,1400,1450,1500,1350,1400,1437.5,1400,1500,1587.5,1550,1450,1500,1600,1550,1500,1450,1450,1500,1450,1400,1450,1500,1600,1600,1600,1650,1650,1650,1620,1562.5,1600,1600,1600,1600,1600,1575,1550,1525
"North Burnett","Austin","TX","Austin","Travis",193,,,,,,,,,,,,,,,,,,,,,,,,,,,,,,,,,,,,,,,,,1014,1141.5,1125,1221.5,1333,1350,1350,1350,1350,1350,1350,1350,1333,1350,1350,1350,1350,1350,1315,1350,1350,1350,1350,1350,1350,1350,1350,1350,1350,1350,1350,1350,1350,1314,1379,1333,1316
"South Central Beach","Hollywood","FL","Miami-Fort Lauderdale","Broward",194,,,,,,,,,2500,2400,2500,2395,2200,1900,1850,1900,1900,1800,1800,1890,1900,1950,1900,1850,2000,1825,1800,1800,1900,1950,1975,2000,2100,2200,2200,2200,2100,2100,2000,1950,2000,2000,2000,2100,2175,2300,2300,2150,2200,2150,2100,2025,2100,2100,2300,2200,2300,2400,2300,2250,2100,1950,2100,2200,2200,2200,2350,2400,2300,2350,2300,2300,2350,2200,2100,2100,2000
"Downtown","Austin","TX","Austin","Travis",195,,,,,,,,,,,,1900,1950,2050,2100,2025,2075,2000,2100,2033,1895,2000,2066,2097.5,2195,2275,2250,2195,2200,2200,2050,2100,2100,2200,2225,2200,2300,2200,2180.5,2158,2257,2200,2195,2195,2250,2297.5,2325,2295,2300,2250,2250,2338,2297.5,2112.5,2230,2200,2150,2424.5,2375,2375,2400,2495,2472,2472.5,2400,2250,2395,2325,2395,2350,2472,2424.5,2350,2350,2498,2498.5,2473.5
"Victoria Park","Fort Lauderdale","FL","Miami-Fort Lauderdale","Broward",196,,,,,,,,,,,,,,,,,,,,,,1700,1595,1600,1400,1500,1450,1400,1400,1490,1600,1495,1450,1590,1600,1592.5,1600,1600,1650,1700,1600,1470,1350,1425,1600,1600,1500,1450,1500,1450,1450,1500,1450,1450,1500,1550,1625,1650,1612.5,1650,1637.5,1600,1450,1500,1550,1572.5,1500,1600,1700,1700,1750,1650,1700,1750,1750,1700,1700
"NoHo","New York","NY","New York","New York",197,,,,,,,,,,,,,,,,,,,,,,,,,,,,,,,,,,,4500,4000,4450,4000,3925,3925,4099.5,3899,3925,3972.5,3950,4000,4275,3997.5,3995,3995,4000,3997.5,4150,4000,3997.5,4150,4150,4395,4350,4597.5,4300,4300,4000,4000,3997.5,4300,3995,4300,4500,4600,4500,4500,4300,4350,4397.5,4300,4395
"West End","Boston","MA","Boston","Suffolk",198,,,,,,,,,,,,,,,,,,,,,,,,,,,,,,,,,3211,3027.5,3282.5,2975,3000,3000,3000,3000,3000,3125,3304.5,3160,2850,2700,2500,2700,2700,2700,2700,2800,2800,2800,2750,2800,2800,2800,2800,2500,2425,2500,2600,2497.5,2495,2495,2495,2625,2500,2550,2500,2450,2500,2525,2525,2800,2497.5
"South Semoran","Orlando","FL","Orlando","Orange",199,,,,,,,,,,,,,,,,,695,708.5,712.5,697.5,725,700,750,750,695,725,747.5,770,750,750,750,762.5,795,750,750,750,750,750,750,750,785,800,800,800,785,800,798.5,798.5,796.5,795,785,795,795,775,795,820,842.5,850,800,800,800,825,850,840,840,850,850,850,850,880,895,875,885,850,897,900,875
"West Loop Gate","Chicago","IL","Chicago","Cook",200,,,,,,,,,,,,,,,,,1800,1799,1768,1799.5,1773,1792.5,1900,1799,1792.5,1914,2099,1865,1847,1800,1800,1816,1700,1700,1659,1666,1659,1627.5,1585,1611,1645,1639,1620,1819,1895,1850,1819,1816,1850,1900,1936,2073.5,2000,2000,1816,1922,1911,2073.5,2000,1850,2000,1950,2000,1950,2000,1950,2000,1987,1862.5,1850,1875,1850,1922,1922,1819,1987,1867.5
"Secret Cove","Jacksonville","FL","Jacksonville","Duval",201,,,,,,,,,,,,,,,,,,,,,,,,,,,,,,,,,,,,,,,,,,,,,,,,,,,,,,,,,,,,,,1062.5,1050,1025,1037.5,1075,1095,1095,1099,1050,1080,1050,1095,1095,1050,1000,1100
"Business District","Irvine","CA","Los Angeles-Long Beach-Anaheim","Orange",202,,,,,,,,,,,,,,,,,,,,,,,,,,2400,2400,2100,2450,2300,2500,2694.5,2600,2300,2200,2250,2300,2200,2372.5,2244.5,2475,2475,2275,2500,2425,2400,2500,2400,2400,2395,2350,2375,2400,2375,2375,2300,2300,2369,2325,2275,2400,2300,2284,2290,2250,2600,2675,2675,2650,2800,2600,2650,2550,2500,2812.5,2500,2600
"Beach","Pompano Beach","FL","Miami-Fort Lauderdale","Broward",203,,,,,,,,,,,,,,,1500,1500,1650,1800,1800,1800,1950,1975,1900,1800,1850,1875,1800,1800,1800,1875,2000,2000,2000,2000,2000,2000,1900,1875,1800,1800,1750,1797.5,1800,1800,1995,1997.5,1950,1950,1900,1895,1800,1800,1950,1975,2000,2000,1925,1925,1950,1875,1800,1600,1600,1745,1900,2000,2155,2200,2200,2300,2300,2100,2000,1950,1950,1800,2000
"New Eastside","Chicago","IL","Chicago","Cook",204,,,,,,,,,,,,,,,,,,,,2400,2300,2285,2200,2200,2376.5,2259.5,2219,2405,2400,2450,2500,2460,2450,2500,2300,2500,2300,2394,2200,2250,2225,2134,2140,1998.5,2200,2200,2200,2167,2167,2126.5,2101.5,2167,2227,2300,2200,2254,2200,2300,2384,2254,2252,2384,2384,2398,2400,2400,2300,2200,2225,2200,2167,2300,2277,2277,2300,2295,2391
"Garment District","New York","NY","New York","New York",205,,,,,,,,,,,,,,,,,,3500,3497.5,3497.5,3497.5,3200,3300,3300,3297.5,3250,3250,3300,3400,3400,3450,3400,3300,3300,3375,3395,3400,3495,3499,3585,3567.5,3497,3450,3300,3350,3497.5,3447.5,3400,3400,3495,3500,3641.5,3591.5,3400,3400,3500,3550,3500,3225,3400,3400,3400,3447.5,3500,3500,3500,3500,3500,3400,3400,3447.5,3400,3699,3500,3200,3300,3400
"Union Station","Denver","CO","Denver","Denver",206,,,,,,,,,,,,,,,,,,,,,,,,,,,,,2500,2500,2500,2200,2500,2500,2397.5,2500,2500,2500,2500,2400,2500,2500,2500,2275,2350,2500,2500,2500,2500,2550,2600,2700,2600,2500,2497.5,2575,2800,2600,2550,2697.5,2850,2725,2500,2500,2650,2800,2500,2500,2500,2500,2500,2500,2500,2550,2550,2775,2647.5
"Downtown West","Saint Louis","MO","St. Louis","Saint Louis City",207,,,,,,,,,,,,,,,,,,,,,,,,,,,,,,,1247.5,1295,1200,1195,1095,1190,1192.5,1240,1240,1200,1275,1250,1295,1275,1265,1250,1195,1200,1197.5,1185,1150,1150,1145,1225,1212.5,1212.5,1257.5,1197.5,1212.5,1220,1225,1200,1200,1200,1212.5,1250,1295,1272.5,1250,1250,1250,1320,1272.5,1250,1250,1350,1250
"South Pointe","Miami Beach","FL","Miami-Fort Lauderdale","Miami-Dade",208,,,,,,,,,,,,,,,,,,,,,,,,,,,,,,,,,,,,,,,,,,,,,,,,,,,,,,,,,,,,,,,,4450,4500,4500,4500,4000,3900,3600,3900,3900,3900,4000,3900,4000,4250
"Fulton River District","Chicago","IL","Chicago","Cook",209,,,,,,,,,,,,,,,,,1894.5,1936,1940.5,1900,1950,2150,2050,2033.5,1980,2000,2200,2200,1950,1910,2100,1918,1982,1950,1899,1899,2099.5,2097,2060,2065,2081,2025,2032,2001,2100,2077.5,1850,1960.5,2050,2075,2200,2195,2145,2250,2300,2195,2175,2200,2262.5,2195,2150,2140,2100,2150,2150,2300,2376,2350,2275,2295.5,2277.5,2200,2200,2422.5,2399,2200,2200
"Central Business District","Orlando","FL","Orlando","Orange",210,,,,,,,,,,,,,,,,,,,,,,,,,,,,,,,,,,,,,,,,,,,,,,,,,,,,,,1299.5,1287,1224.5,1199,1350,1395,1395,1395,1425,1612.5,1497.5,1485,1400,1400,1350,1425,1585,1575,1400,1475,1500,1450,1587.5,1487
"Downtown","Fort Lauderdale","FL","Miami-Fort Lauderdale","Broward",211,,,,,,,,,,,,,2250,2270,2350,2225,2250,2100,2000,2125,2325,2500,2500,2395,2415,2430,2600,2500,2400,2500,2400,2300,2300,2300,2275,2300,2300,2225,2200,2275,2400,2425,2462.5,2650,2675,2500,2450,2572.5,2525,2595,2599.5,2595,2599.5,2600,2650,2600,2500,2547.5,2325,2350,2300,2300,2450,2500,2487.5,2595,2425,2200,2375,2325,2300,2425,2325,2250,2350,2400,2275
"Downtown","Boston","MA","Boston","Suffolk",212,,,,,,,,,,,,,,,,,,,,,,,,3247.5,3032.5,3082.5,3100,3325,3875,3775,3650,3850,3625,3600,3550,3700,3625,3600,3600,4000,3537.5,3600,3750,3650,3500,3297.5,3522.5,3522.5,3545,3545,3572.5,3700,4255,3925,3850,3950,3850,4000,3850,3850,3850,3825,3850,3850,3900,3900,4050,3850,4255,4050,4025,4100,4100,3950,3950,4227.5,4075
"Central Business District","Denver","CO","Denver","Denver",213,,,,,,,,,,,,,,,,,,,,,,,,,,,,,,,,,,,,,,,,,,,,,,,,,,,,,,,,,,,,,,,2800,2325,2165,2250,2195,2049.5,2100,2172.5,2175,2375,2500,2195,2200,2075,1800
"Central Park","New York","NY","New York","New York",214,,,,,,,,,,,,,,,,,,,,,,,,,3472.5,3500,3250,3205,3400,3600,3582.5,3495,3795,3797,3650,3750,3695,3600,3673,3600,3595,3695,3651,3695,3860,3900,3900,3885,3885,3900,3950,3950,3950,3625,3650,3650,3695,3695,3672.5,3672.5,3672.5,3672.5,3672.5,3695,3695,3695,3650,3650,3625,3650,3650,3650,3672.5,3695,3695,3650,3672.5
"DUMBO","New York","NY","New York","Kings",215,,,,,,,,,,,,,,,,,,,,,,,,,,,,,,,,,,,,,,,,,,,,,,,4750,4700,4700,4675,4600,4750,5000,5000,4825,4347.5,4550,4500,4397.5,4100,4405,4695,4995,4700,4997.5,4947.5,4675,4401.5,4035,4548,4600,4481,4155,4037,4762.5,4450,4847.5
"The Strip","Las Vegas","NV","Las Vegas","Clark",216,,,,,,,,,,,,,,,,,,,,,,,,,,,,,,,,1995,1900,1995,2200,2199,2100,2000,2000,1995,1800,1995,2300,2300,2100,2100,2195,2300,2297,2295,2195,2000,2000,1795,1972.5,2300,2300,2300,2300,2149.5,2100,2195,2200,2575,2600,2450,2372.5,2237.5,2250,2100,2275,2300,2450,2512,2559.5,2400,2400
"Old Naples","Naples","FL","Naples","Collier",217,,,,,,,,,,,,,,,,,,,,,,,,,,,,,,,,,,,,,,,,,,,,,,,,,,,,,,,,,4000,3997.5,4000,4000,3750,3875,4250,4500,4500,4600,4600,4550,4600,4600,4500,4500,4500,4500,4500,4000,4700
"Central Beach Alliance","Fort Lauderdale","FL","Miami-Fort Lauderdale","Broward",218,,,,,,,,,,,,,,,,,,,,,,,,,,,,,,,,,,,,,,,,,,,,,,,,,,,,,,,,,,,,2150,2000,1800,1800,1800,1850,1800,1875,2100,2400,2275,2225,2275,2250,2000,2295,2147.5,2195
"Harbordale","Fort Lauderdale","FL","Miami-Fort Lauderdale","Broward",219,,,,,,,,,,,,,,,,,,,,1650,1600,1599.5,1700,1650,1500,1500,1687.5,1797.5,1750,1650,1650,1500,1540,1540,1540,1595,1575,1700,1600,1565,1600,1540,1550,1637.5,1650,1600,1600,1565,1557.5,1500,1557.5,1650,1622.5,1587.5,1575,1565,1565,1565,1575,1600,1650,1500,1500,1500,1500,1637.5,1587.5,1500,1500,1500,1625,1575,1600,1625,1712.5,1800,1500
"River West","Chicago","IL","Chicago","Cook",220,,,,,,,,,,,,,,,,,,,,,,,,,,,,,,2000,2150,2337,2325,2375,2632.5,2625,2565,2250,2050,2123,2127.5,2328,2340,2075,2150,2140,2140,2140,2140,2140,2150,2400,2200,2250,2250,2250,2200,2167,2275,2275,2225,2200,2158.5,2250,2310,2208.5,2325,2250,2167,2145,2140,2183.5,2385,2310,2250,2150,2158.5
"Downtown","West Palm Beach","FL","Miami-Fort Lauderdale","Palm Beach",221,,,,,,,,,,,,,1600,1600,1597.5,1537.5,1550,1550,1600,1600,1650,1750,1800,1650,1650,1650,1700,1650,1650,1600,1575,1600,1682.5,1625,1750,1800,1750,1750,1800,1800,1800,1850,1800,1750,1850,1900,1900,2100,1825,1850,1875,1950,2000,1950,1901,1900,1800,1750,1795,1800,1850,1850,1850,1850,1900,1995,2022.5,2100,2100,2175,2150,1950,1850,1850,1825,1900,1900
"Clearwater Beach Association","Clearwater","FL","Tampa","Pinellas",222,,,,,,,,,,,,,,,,,,,,,,,,,,,,,,,,,,,,,,,,,,,,,,,,,,,,,,,,,,,,,,,2500,2600,2500,2600,2500,2600,2600,2650,2625,2625,2800,2750,2750,2600,2700
"Singer Island","Riviera Beach","FL","Miami-Fort Lauderdale","Palm Beach",223,,,,,,,,,,,,,,,,,,,,,,,,,,,,,,,,,,,,,,,,,,,,,,,,,,,,,,,3850,3600,3500,3500,3600,3600,3500,3000,3050,3500,3200,3500,3500,3500,3725,3800,3900,3500,3200,3000,3150,3000,3000
"Graduate Hospital","Philadelphia","PA","Philadelphia","Philadelphia",224,,,,,,,,,,,,,,,,,,,,,,,,,,,,,,,,,,,,,,,,,,,,,,,,,,,,,,,,2100,1950,1922.5,2000,1950,1950,2000,2000,2000,2197.5,2250,2195,1995,1997.5,2195,2172.5,1950,2200,2200,2200,2200,2195
"Northern Liberties","Philadelphia","PA","Philadelphia","Philadelphia",224,,,,,,,,,,,,,,,,,,,,,,,,,2100,1950,2050,1900,1900,2200,1990,1990,2000,2100,2025,2100,2200,2150,2000,1950,1950,1900,1850,2100,2150,1900,2000,1862.5,1875,1885,1875,1900,1875,1875,2125,2100,2100,2125,2200,2150,2100,2050,2297.5,2150,1995,1945,1994.5,1925,2000,1800,2097.5,1924.5,2000,2200,2250,2050,2097.5
